Tax Year,County,Income Class,Number of Returns,NY AGI Total ($),NYS Tax Liability Total ($)
1999,Albany,"$10,000 - $19,999",20279,299890640.65,6638424.2
1999,Albany,"$100,000 - $199,999",12334,1850686487.9,33379054.31
1999,Albany,"$20,000 - $29,999",19331,487773974.86,10367290.5
1999,Albany,"$200,000 or more",6209,2121048908.29,18316704.66
1999,Albany,"$30,000 - $39,999",16820,607210350.3,14139222.79
1999,Albany,"$40,000 - $49,999",14368,635684948.83,17331086.46
1999,Albany,"$5,000 - $9,999",9311,68425502.97,1525707.11
1999,Albany,"$50,000 - $74,999",24358,1605546491.96,39099279.09
1999,Albany,"$75,000 - $99,999",12959,1070983227.27,29574481.06
1999,Albany,"Under $5,000",8942,22747049.22,445623.74
1999,Bronx,"$10,000 - $19,999",84456,1268725873.97,19727014.86
1999,Bronx,"$100,000 - $199,999",24067,3393957038.55,45039469.82
1999,Bronx,"$20,000 - $29,999",72617,1791618453.79,30966853.04
1999,Bronx,"$200,000 or more",10457,3391063321.25,20191814.14
1999,Bronx,"$30,000 - $39,999",57154,1886936407.82,33392062.39
1999,Bronx,"$40,000 - $49,999",42636,2025311124.2,34107261.5
1999,Bronx,"$5,000 - $9,999",49507,411813766.55,5549237.68
1999,Bronx,"$50,000 - $74,999",57520,3459200825.29,68831040.6
1999,Bronx,"$75,000 - $99,999",27487,2393738218.22,38000379.85
1999,Bronx,"Under $5,000",58473,150019469.94,2005766.85
1999,Brooklyn,"$10,000 - $19,999",124865,1927786283.68,41213199.55
1999,Brooklyn,"$100,000 - $199,999",63434,9079531097.99,149289925.84
1999,Brooklyn,"$20,000 - $29,999",112525,2787514742.48,60513796.25
1999,Brooklyn,"$200,000 or more",32291,10142427578.07,88306827.02
1999,Brooklyn,"$30,000 - $39,999",100264,3373813166.32,78438027.68
1999,Brooklyn,"$40,000 - $49,999",81652,3695365264.58,86385295.57
1999,Brooklyn,"$5,000 - $9,999",63659,475880326.04,9487127.15
1999,Brooklyn,"$50,000 - $74,999",140508,8244464280.41,195361807.07
1999,Brooklyn,"$75,000 - $99,999",76516,6878188443.92,143604655.82
1999,Brooklyn,"Under $5,000",64667,167014181.55,2884599.33
1999,Broome,"$10,000 - $19,999",13641,205838412.92,4074787.25
1999,Broome,"$100,000 - $199,999",6331,938685065.23,14226283.79
1999,Broome,"$20,000 - $29,999",13095,318153459.01,6189840.33
1999,Broome,"$200,000 or more",2916,878117975.62,6734768.31
1999,Broome,"$30,000 - $39,999",10673,370464401.32,8170523.94
1999,Broome,"$40,000 - $49,999",9550,472157392.3,10237330.94
1999,Broome,"$5,000 - $9,999",7142,51292554.59,1020167.46
1999,Broome,"$50,000 - $74,999",13450,833521646.92,19295845.44
1999,Broome,"$75,000 - $99,999",6997,625036404.34,12199613.61
1999,Broome,"Under $5,000",7490,18429713.05,290090.7
1999,Cayuga,"$10,000 - $19,999",5204,79656251.16,1407599.1
1999,Cayuga,"$100,000 - $199,999",2288,348234094.32,5189204.04
1999,Cayuga,"$20,000 - $29,999",4911,113305742.36,2538373.95
1999,Cayuga,"$200,000 or more",1095,353618061.21,2959449.64
1999,Cayuga,"$30,000 - $39,999",4592,160524864.78,3333210.1
1999,Cayuga,"$40,000 - $49,999",3437,157509884.04,3597465.94
1999,Cayuga,"$5,000 - $9,999",2945,23022405.44,438325.09
1999,Cayuga,"$50,000 - $74,999",5059,325102057.38,6482290.81
1999,Cayuga,"$75,000 - $99,999",2694,237823532.77,4963294.16
1999,Cayuga,"Under $5,000",2995,6941356.56,119992.04
1999,Chemung,"$10,000 - $19,999",5871,93612283.75,1699806.93
1999,Chemung,"$100,000 - $199,999",2526,362660386.45,5339530.69
1999,Chemung,"$20,000 - $29,999",5166,133380032.4,2475321.01
1999,Chemung,"$200,000 or more",1247,369888057.34,3069914.76
1999,Chemung,"$30,000 - $39,999",4630,155077161.35,3344614.17
1999,Chemung,"$40,000 - $49,999",3387,157637293.5,3291365.91
1999,Chemung,"$5,000 - $9,999",3178,24769595.15,396342.19
1999,Chemung,"$50,000 - $74,999",5677,370412024.7,7702741.17
1999,Chemung,"$75,000 - $99,999",2981,281980641.23,5213142.9
1999,Chemung,"Under $5,000",3276,7370823.44,117452.62
1999,Cortland,"$10,000 - $19,999",3581,55437487.17,1028115.66
1999,Cortland,"$100,000 - $199,999",1494,218058961.36,2806161.91
1999,Cortland,"$20,000 - $29,999",2785,72860260.22,1319828.67
1999,Cortland,"$200,000 or more",692,187993237.26,1684355.48
1999,Cortland,"$30,000 - $39,999",2788,98200951.35,2041870.86
1999,Cortland,"$40,000 - $49,999",2012,77680382.55,2078066.37
1999,Cortland,"$5,000 - $9,999",1836,13039327.07,242607.22
1999,Cortland,"$50,000 - $74,999",3237,189788275.92,4372701.61
1999,Cortland,"$75,000 - $99,999",1717,165095952.17,2830724.87
1999,Cortland,"Under $5,000",1867,4765688.43,65424.5
1999,Dutchess,"$10,000 - $19,999",18428,278761013.27,6995821.57
1999,Dutchess,"$100,000 - $199,999",11512,1963976345.79,30215945.3
1999,Dutchess,"$20,000 - $29,999",17075,451783047.79,11793453.98
1999,Dutchess,"$200,000 or more",6427,2004574302.52,19495949.45
1999,Dutchess,"$30,000 - $39,999",16297,551547661.68,14351691.65
1999,Dutchess,"$40,000 - $49,999",13656,606337214.34,19665119.34
1999,Dutchess,"$5,000 - $9,999",8125,57854665.65,1496777.89
1999,Dutchess,"$50,000 - $74,999",21574,1263305670.16,37055082.32
1999,Dutchess,"$75,000 - $99,999",13040,1119057950.15,26797133.85
1999,Dutchess,"Under $5,000",8116,20964090.36,432418.0
1999,Erie,"$10,000 - $19,999",60026,825589294.7,18931932.93
1999,Erie,"$100,000 - $199,999",31357,5157130517.11,75544267.82
1999,Erie,"$20,000 - $29,999",55885,1409730974.22,28048190.19
1999,Erie,"$200,000 or more",15245,4293306826.58,39921363.8
1999,Erie,"$30,000 - $39,999",49050,1667230794.87,38670107.63
1999,Erie,"$40,000 - $49,999",39791,1757711093.57,44013401.58
1999,Erie,"$5,000 - $9,999",28082,224646556.51,4438999.2
1999,Erie,"$50,000 - $74,999",64413,3847741599.66,94255486.24
1999,Erie,"$75,000 - $99,999",31440,2727776875.57,58643708.95
1999,Erie,"Under $5,000",30732,77507926.74,1343236.02
1999,"Grand Total, Full-Year Resident",All Classes,6362952,407840739155.1,9751974554.62
1999,Madison,"$10,000 - $19,999",4609,76910420.94,1466272.92
1999,Madison,"$100,000 - $199,999",1909,292068248.3,4331675.24
1999,Madison,"$20,000 - $29,999",3928,100378561.76,2207761.28
1999,Madison,"$200,000 or more",952,295603184.01,2618297.85
1999,Madison,"$30,000 - $39,999",3839,142325580.7,3360423.86
1999,Madison,"$40,000 - $49,999",3282,139987232.72,3667070.66
1999,Madison,"$5,000 - $9,999",2276,17228881.16,337691.45
1999,Madison,"$50,000 - $74,999",4630,297074006.93,6757913.98
1999,Madison,"$75,000 - $99,999",2402,202713053.54,4565965.61
1999,Madison,"Under $5,000",2478,6323902.62,120145.39
1999,Manhattan,"$10,000 - $19,999",41107,649389390.36,30150374.31
1999,Manhattan,"$100,000 - $199,999",111003,16318394120.73,635526308.85
1999,Manhattan,"$20,000 - $29,999",49338,1196658552.92,59986839.16
1999,Manhattan,"$200,000 or more",72441,20932539906.94,532801889.5
1999,Manhattan,"$30,000 - $39,999",60649,2125543721.82,112006672.77
1999,Manhattan,"$40,000 - $49,999",62424,2634595859.21,173546487.67
1999,Manhattan,"$5,000 - $9,999",14942,119196236.74,5700192.43
1999,Manhattan,"$50,000 - $74,999",126480,7824410180.91,436884680.95
1999,Manhattan,"$75,000 - $99,999",94727,8033120569.53,404582149.16
1999,Manhattan,"Under $5,000",10879,27484142.14,1095228.18
1999,Monroe,"$10,000 - $19,999",44905,707284236.36,16457439.29
1999,Monroe,"$100,000 - $199,999",25406,3932285707.29,62495257.62
1999,Monroe,"$20,000 - $29,999",41231,1032803138.94,25516811.18
1999,Monroe,"$200,000 or more",13237,4047276959.71,38831671.21
1999,Monroe,"$30,000 - $39,999",37751,1373613876.53,32679360.82
1999,Monroe,"$40,000 - $49,999",31589,1301674743.09,39884371.05
1999,Monroe,"$5,000 - $9,999",21062,163498542.28,3719001.67
1999,Monroe,"$50,000 - $74,999",58650,3827275639.34,91965121.3
1999,Monroe,"$75,000 - $99,999",29656,2617982470.57,59899227.61
1999,Monroe,"Under $5,000",21841,57586613.93,1074867.14
1999,NYS Unclassified +,All Classes,2491,73996793.87,1951302.85
1999,Nassau,"$10,000 - $19,999",53778,771813858.41,27941094.51
1999,Nassau,"$100,000 - $199,999",78893,12582658581.83,310198012.6
1999,Nassau,"$20,000 - $29,999",64541,1700674557.62,56608675.45
1999,Nassau,"$200,000 or more",44016,13627916982.09,202883778.97
1999,Nassau,"$30,000 - $39,999",64998,2267676532.73,79472599.3
1999,Nassau,"$40,000 - $49,999",64336,3203141376.68,125095603.05
1999,Nassau,"$5,000 - $9,999",27150,197334686.78,6736032.87
1999,Nassau,"$50,000 - $74,999",107619,6741780020.58,280765306.15
1999,Nassau,"$75,000 - $99,999",79083,6606655474.85,238681362.53
1999,Nassau,"Under $5,000",22215,56456598.02,1698469.11
1999,Onondaga,"$10,000 - $19,999",30343,451511752.47,9984856.63
1999,Onondaga,"$100,000 - $199,999",17471,2569317246.83,42710809.28
1999,Onondaga,"$20,000 - $29,999",27135,728141899.51,15004336.17
1999,Onondaga,"$200,000 or more",8499,2485507456.07,22588547.73
1999,Onondaga,"$30,000 - $39,999",26189,862553884.59,22533535.28
1999,Onondaga,"$40,000 - $49,999",21653,935026970.37,26171745.46
1999,Onondaga,"$5,000 - $9,999",14872,110666080.03,2570051.64
1999,Onondaga,"$50,000 - $74,999",35331,1937817332.54,52973886.15
1999,Onondaga,"$75,000 - $99,999",19753,1687322679.82,39101756.7
1999,Onondaga,"Under $5,000",15472,38257628.23,737038.07
1999,Orange,"$10,000 - $19,999",21378,305945509.3,8004305.49
1999,Orange,"$100,000 - $199,999",11887,1783092346.72,30965466.85
1999,Orange,"$20,000 - $29,999",19502,501629251.31,12375653.24
1999,Orange,"$200,000 or more",6251,1887350422.93,22132103.36
1999,Orange,"$30,000 - $39,999",17868,653215500.45,16934618.34
1999,Orange,"$40,000 - $49,999",14260,666498984.8,17487807.6
1999,Orange,"$5,000 - $9,999",10230,84754775.29,1760896.82
1999,Orange,"$50,000 - $74,999",24383,1497171331.39,38165967.28
1999,Orange,"$75,000 - $99,999",14600,1361876173.29,31971813.4
1999,Orange,"Under $5,000",9502,26102171.74,477040.93
1999,Queens,"$10,000 - $19,999",91740,1339938558.76,32314143.24
1999,Queens,"$100,000 - $199,999",56697,8878261760.12,138371294.72
1999,Queens,"$20,000 - $29,999",96337,2314555688.18,56059125.26
1999,Queens,"$200,000 or more",30870,8947924968.74,101193364.83
1999,Queens,"$30,000 - $39,999",85930,3219292896.91,80778548.57
1999,Queens,"$40,000 - $49,999",68395,2852109782.94,84089556.06
1999,Queens,"$5,000 - $9,999",46834,367835284.71,8464082.58
1999,Queens,"$50,000 - $74,999",123228,8199068999.87,210315550.61
1999,Queens,"$75,000 - $99,999",71692,6701208713.49,143255519.26
1999,Queens,"Under $5,000",48505,122803266.17,2413253.68
1999,Residence Unknown ++,All Classes,675,15854893.57,517288.92
1999,Rockland,"$10,000 - $19,999",12537,175600120.95,5123274.85
1999,Rockland,"$100,000 - $199,999",13731,2155663587.74,45815164.18
1999,Rockland,"$20,000 - $29,999",13358,323912429.39,9631611.31
1999,Rockland,"$200,000 or more",7694,2156708757.54,28634455.95
1999,Rockland,"$30,000 - $39,999",13441,524794412.43,13526199.55
1999,Rockland,"$40,000 - $49,999",12459,578684133.38,20126605.89
1999,Rockland,"$5,000 - $9,999",5704,41203812.56,1126462.43
1999,Rockland,"$50,000 - $74,999",20098,1273486388.66,39478406.65
1999,Rockland,"$75,000 - $99,999",13499,1124884600.99,33440649.97
1999,Rockland,"Under $5,000",5433,13857094.92,291734.34
1999,Schuyler,"$10,000 - $19,999",1380,20557782.73,409972.75
1999,Schuyler,"$100,000 - $199,999",546,79066636.27,1083894.42
1999,Schuyler,"$20,000 - $29,999",1308,32822735.54,589507.71
1999,Schuyler,"$200,000 or more",272,87654514.64,607074.98
1999,Schuyler,"$30,000 - $39,999",1066,39299982.27,748715.74
1999,Schuyler,"$40,000 - $49,999",914,38759334.88,930634.73
1999,Schuyler,"$5,000 - $9,999",809,6164855.02,107784.58
1999,Schuyler,"$50,000 - $74,999",1326,81902083.77,1768972.54
1999,Schuyler,"$75,000 - $99,999",652,57590845.6,1053840.68
1999,Schuyler,"Under $5,000",778,1844945.48,29628.76
1999,Seneca,"$10,000 - $19,999",2361,37210414.82,719648.53
1999,Seneca,"$100,000 - $199,999",995,157899853.38,2127730.93
1999,Seneca,"$20,000 - $29,999",1934,42162265.98,953331.48
1999,Seneca,"$200,000 or more",443,128249389.28,1184285.78
1999,Seneca,"$30,000 - $39,999",1901,65066502.82,1388995.2
1999,Seneca,"$40,000 - $49,999",1557,67925632.02,1641995.59
1999,Seneca,"$5,000 - $9,999",1210,8455760.71,181102.28
1999,Seneca,"$50,000 - $74,999",2177,137074323.07,2950000.55
1999,Seneca,"$75,000 - $99,999",1061,95481617.63,1765506.04
1999,Seneca,"Under $5,000",1383,3426847.05,55730.94
1999,Staten Island,"$10,000 - $19,999",22490,305741204.52,8352653.36
1999,Staten Island,"$100,000 - $199,999",15593,2538766445.04,40770998.39
1999,Staten Island,"$20,000 - $29,999",22645,538203122.7,14590574.35
1999,Staten Island,"$200,000 or more",7926,2585315083.0,25368073.65
1999,Staten Island,"$30,000 - $39,999",21923,699060505.19,19660062.45
1999,Staten Island,"$40,000 - $49,999",17126,786986659.01,21660260.11
1999,Staten Island,"$5,000 - $9,999",11144,85503494.79,2155941.02
1999,Staten Island,"$50,000 - $74,999",29048,1659015301.3,51023414.67
1999,Staten Island,"$75,000 - $99,999",17731,1553925786.52,39423737.48
1999,Staten Island,"Under $5,000",10786,25566617.85,596434.76
1999,Suffolk,"$10,000 - $19,999",74961,1114432524.46,28529627.18
1999,Suffolk,"$100,000 - $199,999",61356,9678360381.65,171055036.91
1999,Suffolk,"$20,000 - $29,999",77812,1941401245.67,53474842.38
1999,Suffolk,"$200,000 or more",34656,11656576958.68,111364636.57
1999,Suffolk,"$30,000 - $39,999",76846,2787577960.47,80645355.39
1999,Suffolk,"$40,000 - $49,999",70427,3071457931.66,88305807.96
1999,Suffolk,"$5,000 - $9,999",38387,271143022.45,7713459.35
1999,Suffolk,"$50,000 - $74,999",107044,6465123133.46,198287887.39
1999,Suffolk,"$75,000 - $99,999",68089,5987326356.19,163197395.41
1999,Suffolk,"Under $5,000",34732,91021884.98,1953742.48
1999,Tioga,"$10,000 - $19,999",3516,53210207.18,954422.65
1999,Tioga,"$100,000 - $199,999",1522,243403870.38,3216975.13
1999,Tioga,"$20,000 - $29,999",2857,71505327.89,1404397.9
1999,Tioga,"$200,000 or more",729,231739074.79,2013424.51
1999,Tioga,"$30,000 - $39,999",2572,84441785.12,1789024.53
1999,Tioga,"$40,000 - $49,999",2086,99229860.63,1912357.94
1999,Tioga,"$5,000 - $9,999",1879,15927272.3,275011.21
1999,Tioga,"$50,000 - $74,999",3313,201928651.3,4290888.21
1999,Tioga,"$75,000 - $99,999",1718,145539457.43,3067206.97
1999,Tioga,"Under $5,000",1970,4968836.87,82774.68
1999,Tompkins,"$10,000 - $19,999",6216,99117288.49,2051892.51
1999,Tompkins,"$100,000 - $199,999",3217,492611668.48,7990139.97
1999,Tompkins,"$20,000 - $29,999",5750,142643599.14,3359271.18
1999,Tompkins,"$200,000 or more",1538,471446862.03,4408224.58
1999,Tompkins,"$30,000 - $39,999",4674,160123742.43,3948008.29
1999,Tompkins,"$40,000 - $49,999",3953,174780446.8,4338416.77
1999,Tompkins,"$5,000 - $9,999",2926,21210425.84,482402.28
1999,Tompkins,"$50,000 - $74,999",6620,424910001.77,10196081.23
1999,Tompkins,"$75,000 - $99,999",3617,322323580.57,6629489.97
1999,Tompkins,"Under $5,000",3123,7735666.85,148613.88
1999,Westchester,"$10,000 - $19,999",37672,567988858.15,19109575.87
1999,Westchester,"$100,000 - $199,999",57605,9090736934.66,200832955.14
1999,Westchester,"$20,000 - $29,999",39456,961901280.34,34394202.59
1999,Westchester,"$200,000 or more",30145,9152485207.84,139683526.29
1999,Westchester,"$30,000 - $39,999",46154,1638149787.88,63871668.03
1999,Westchester,"$40,000 - $49,999",46897,2399083007.72,90958282.76
1999,Westchester,"$5,000 - $9,999",15840,117309143.82,4100610.28
1999,Westchester,"$50,000 - $74,999",75010,4659708004.63,173646259.07
1999,Westchester,"$75,000 - $99,999",52087,4459464227.62,149777396.79
1999,Westchester,"Under $5,000",14880,34734032.96,1070591.3
1999,Yates,"$10,000 - $19,999",1732,25583704.27,482931.22
1999,Yates,"$100,000 - $199,999",714,109633928.84,1462232.88
1999,Yates,"$20,000 - $29,999",1548,37325195.7,723574.13
1999,Yates,"$200,000 or more",341,98475241.75,876320.94
1999,Yates,"$30,000 - $39,999",1371,48112823.08,966088.56
1999,Yates,"$40,000 - $49,999",1082,49654433.75,1109450.07
1999,Yates,"$5,000 - $9,999",941,7212286.92,131635.91
1999,Yates,"$50,000 - $74,999",1611,96505038.1,2208947.22
1999,Yates,"$75,000 - $99,999",825,71317110.79,1305947.38
1999,Yates,"Under $5,000",1047,2502363.46,44023.55
2000,Albany,"$10,000 - $19,999",18830,272469731.84,7118456.57
2000,Albany,"$100,000 - $199,999",11766,1716204930.41,29509951.86
2000,Albany,"$20,000 - $29,999",18213,422371930.13,11991686.95
2000,Albany,"$200,000 or more",6385,1960564997.31,19843996.48
2000,Albany,"$30,000 - $39,999",16739,505153804.22,15852794.88
2000,Albany,"$40,000 - $49,999",14183,621124645.19,19846712.32
2000,Albany,"$5,000 - $9,999",9726,76284134.56,1830966.76
2000,Albany,"$50,000 - $74,999",22621,1595697120.27,36379176.78
2000,Albany,"$75,000 - $99,999",13641,1219825348.42,30064475.9
2000,Albany,"Under $5,000",9072,24280573.6,508396.82
2000,Bronx,"$10,000 - $19,999",83775,1248909213.25,22556439.8
2000,Bronx,"$100,000 - $199,999",21314,3323906872.53,37663490.12
2000,Bronx,"$20,000 - $29,999",75851,1955156817.47,32477033.84
2000,Bronx,"$200,000 or more",9647,2838182598.3,24044460.6
2000,Bronx,"$30,000 - $39,999",56815,2056373057.3,37812746.43
2000,Bronx,"$40,000 - $49,999",40248,1770647868.48,40807732.3
2000,Bronx,"$5,000 - $9,999",50036,395508567.49,6260354.7
2000,Bronx,"$50,000 - $74,999",54923,3625306381.85,65611130.28
2000,Bronx,"$75,000 - $99,999",28286,2382859539.79,44575412.21
2000,Bronx,"Under $5,000",59922,146272909.05,2277010.36
2000,Brooklyn,"$10,000 - $19,999",117107,1673793074.38,41607354.43
2000,Brooklyn,"$100,000 - $199,999",70351,11312956617.36,185026839.43
2000,Brooklyn,"$20,000 - $29,999",109440,2722188961.35,56843302.38
2000,Brooklyn,"$200,000 or more",31940,9095905585.8,94644053.52
2000,Brooklyn,"$30,000 - $39,999",104197,3665558282.6,85958857.37
2000,Brooklyn,"$40,000 - $49,999",88601,3926505516.85,109872519.26
2000,Brooklyn,"$5,000 - $9,999",64634,473396961.16,10339517.58
2000,Brooklyn,"$50,000 - $74,999",142964,9715495548.11,214066331.05
2000,Brooklyn,"$75,000 - $99,999",74501,6288520770.99,154753194.27
2000,Brooklyn,"Under $5,000",61812,147221845.83,3144681.62
2000,Broome,"$10,000 - $19,999",14487,222555912.8,4837061.37
2000,Broome,"$100,000 - $199,999",6606,990804885.44,15849565.44
2000,Broome,"$20,000 - $29,999",13227,312003554.67,7680007.99
2000,Broome,"$200,000 or more",3176,972438492.67,7529813.69
2000,Broome,"$30,000 - $39,999",11163,377038648.24,9254187.65
2000,Broome,"$40,000 - $49,999",9074,437292680.54,10112886.89
2000,Broome,"$5,000 - $9,999",7297,55977776.03,1197771.99
2000,Broome,"$50,000 - $74,999",13061,796793653.11,19887198.87
2000,Broome,"$75,000 - $99,999",7394,723755529.91,12159966.81
2000,Broome,"Under $5,000",7433,17048242.3,338756.15
2000,Cayuga,"$10,000 - $19,999",5442,80801325.15,1643726.4
2000,Cayuga,"$100,000 - $199,999",2370,355343708.76,5469113.37
2000,Cayuga,"$20,000 - $29,999",4838,118012960.87,2578961.71
2000,Cayuga,"$200,000 or more",1073,330266838.38,2710317.14
2000,Cayuga,"$30,000 - $39,999",3988,135585893.99,2826847.64
2000,Cayuga,"$40,000 - $49,999",3405,158640551.39,4038901.93
2000,Cayuga,"$5,000 - $9,999",2582,19053828.91,415839.42
2000,Cayuga,"$50,000 - $74,999",5430,343745319.6,7981728.7
2000,Cayuga,"$75,000 - $99,999",2647,239284476.82,4757592.2
2000,Cayuga,"Under $5,000",3196,8476666.72,132754.92
2000,Chemung,"$10,000 - $19,999",5723,84569734.06,1903490.34
2000,Chemung,"$100,000 - $199,999",2694,412126860.42,6077236.49
2000,Chemung,"$20,000 - $29,999",5376,138993357.45,2664861.4
2000,Chemung,"$200,000 or more",1166,326200903.42,3350291.71
2000,Chemung,"$30,000 - $39,999",4754,170390154.47,3554470.22
2000,Chemung,"$40,000 - $49,999",3697,160707747.88,3700798.31
2000,Chemung,"$5,000 - $9,999",3151,23907374.9,483685.84
2000,Chemung,"$50,000 - $74,999",5658,350655563.8,8290329.86
2000,Chemung,"$75,000 - $99,999",2971,273889450.52,5226408.53
2000,Chemung,"Under $5,000",3404,8241355.28,145632.56
2000,Cortland,"$10,000 - $19,999",3644,47607885.31,1187223.61
2000,Cortland,"$100,000 - $199,999",1487,237923076.71,3213283.21
2000,Cortland,"$20,000 - $29,999",3098,75784788.51,1561512.16
2000,Cortland,"$200,000 or more",635,193006374.18,1675506.12
2000,Cortland,"$30,000 - $39,999",2726,97188393.68,2223247.89
2000,Cortland,"$40,000 - $49,999",2141,93998084.75,2395819.92
2000,Cortland,"$5,000 - $9,999",1843,13220870.27,288526.59
2000,Cortland,"$50,000 - $74,999",3285,226173469.24,5267359.2
2000,Cortland,"$75,000 - $99,999",1863,163121557.7,3217424.27
2000,Cortland,"Under $5,000",2045,4988710.27,88799.81
2000,Dutchess,"$10,000 - $19,999",17149,241997436.67,5879700.74
2000,Dutchess,"$100,000 - $199,999",12004,1797664983.84,34372923.72
2000,Dutchess,"$20,000 - $29,999",16541,453051079.08,10486684.38
2000,Dutchess,"$200,000 or more",5822,1845957304.08,18114663.2
2000,Dutchess,"$30,000 - $39,999",15408,539001947.23,13344136.97
2000,Dutchess,"$40,000 - $49,999",13757,648642174.37,18631287.19
2000,Dutchess,"$5,000 - $9,999",8125,58679690.91,1470137.55
2000,Dutchess,"$50,000 - $74,999",21398,1318450511.08,36487121.25
2000,Dutchess,"$75,000 - $99,999",12414,1076510732.91,29899244.07
2000,Dutchess,"Under $5,000",7987,18048615.15,430729.68
2000,Erie,"$10,000 - $19,999",62495,864527542.13,20086740.12
2000,Erie,"$100,000 - $199,999",34340,5347869641.44,82436118.75
2000,Erie,"$20,000 - $29,999",52562,1321553225.45,27046355.4
2000,Erie,"$200,000 or more",16267,5097572706.05,49418622.56
2000,Erie,"$30,000 - $39,999",48814,1803195595.02,43164927.95
2000,Erie,"$40,000 - $49,999",39615,1679062548.38,48980726.72
2000,Erie,"$5,000 - $9,999",27999,205899861.68,4670470.39
2000,Erie,"$50,000 - $74,999",61323,3957071467.73,99498565.26
2000,Erie,"$75,000 - $99,999",35084,3121163301.04,67107382.87
2000,Erie,"Under $5,000",28470,72581962.1,1265226.78
2000,"Grand Total, Full-Year Resident",All Classes,6360773,409777683295.0,10298828548.67
2000,Madison,"$10,000 - $19,999",4875,69766769.26,1485538.1
2000,Madison,"$100,000 - $199,999",2036,303581721.97,4849089.94
2000,Madison,"$20,000 - $29,999",4323,110631285.54,2282989.76
2000,Madison,"$200,000 or more",999,309432541.15,2714822.35
2000,Madison,"$30,000 - $39,999",3786,135538969.41,3080243.25
2000,Madison,"$40,000 - $49,999",3167,139252502.11,3527068.89
2000,Madison,"$5,000 - $9,999",2628,19392054.6,434909.51
2000,Madison,"$50,000 - $74,999",4300,296791339.16,6657796.45
2000,Madison,"$75,000 - $99,999",2610,220129640.71,5847270.96
2000,Madison,"Under $5,000",2480,5810832.66,113967.93
2000,Manhattan,"$10,000 - $19,999",40852,542911915.18,30413805.97
2000,Manhattan,"$100,000 - $199,999",111748,16296449948.16,620745692.37
2000,Manhattan,"$20,000 - $29,999",45811,1128116155.06,62884556.26
2000,Manhattan,"$200,000 or more",69395,19897585326.33,493485301.56
2000,Manhattan,"$30,000 - $39,999",57265,2013424286.55,117910901.71
2000,Manhattan,"$40,000 - $49,999",59914,2641415454.81,172409427.64
2000,Manhattan,"$5,000 - $9,999",16190,120072734.51,6006865.12
2000,Manhattan,"$50,000 - $74,999",133212,9089887440.26,468020783.69
2000,Manhattan,"$75,000 - $99,999",98045,8094515771.07,479018620.18
2000,Manhattan,"Under $5,000",12099,29484594.4,1336180.97
2000,Monroe,"$10,000 - $19,999",43482,642320343.41,16142554.44
2000,Monroe,"$100,000 - $199,999",26896,4245678885.25,75604567.65
2000,Monroe,"$20,000 - $29,999",42956,1134874001.8,25122742.62
2000,Monroe,"$200,000 or more",13059,3811746450.31,41285623.77
2000,Monroe,"$30,000 - $39,999",40285,1440543169.19,37131820.8
2000,Monroe,"$40,000 - $49,999",31255,1382570353.22,42417927.71
2000,Monroe,"$5,000 - $9,999",20841,165670356.8,3563675.33
2000,Monroe,"$50,000 - $74,999",51341,3286704718.56,81723041.04
2000,Monroe,"$75,000 - $99,999",29497,2622674381.18,63070812.17
2000,Monroe,"Under $5,000",21042,51117540.04,1002718.59
2000,NYS Unclassified +,All Classes,1383,36251328.28,1078684.33
2000,Nassau,"$10,000 - $19,999",55786,873261258.37,29917888.2
2000,Nassau,"$100,000 - $199,999",77735,11143303920.51,323962374.25
2000,Nassau,"$20,000 - $29,999",61012,1581139460.0,53408898.15
2000,Nassau,"$200,000 or more",42075,12625218953.57,198469800.77
2000,Nassau,"$30,000 - $39,999",64838,2341166213.5,86412121.71
2000,Nassau,"$40,000 - $49,999",59586,2728425169.6,103821155.71
2000,Nassau,"$5,000 - $9,999",26036,197792389.2,7347288.85
2000,Nassau,"$50,000 - $74,999",114566,7077493489.36,304567141.42
2000,Nassau,"$75,000 - $99,999",79235,7629889549.37,244620420.91
2000,Nassau,"Under $5,000",22160,59504753.05,1528740.74
2000,Onondaga,"$10,000 - $19,999",30094,434184615.66,10058282.94
2000,Onondaga,"$100,000 - $199,999",16843,2718970572.19,43189165.29
2000,Onondaga,"$20,000 - $29,999",27448,752717315.69,15077615.15
2000,Onondaga,"$200,000 or more",8834,2654156225.13,26499193.67
2000,Onondaga,"$30,000 - $39,999",26793,921409674.18,23988221.88
2000,Onondaga,"$40,000 - $49,999",21412,1001647694.3,23705902.38
2000,Onondaga,"$5,000 - $9,999",15526,117444511.22,2606733.2
2000,Onondaga,"$50,000 - $74,999",33183,1837706377.74,54436208.4
2000,Onondaga,"$75,000 - $99,999",18007,1679452134.32,38071928.84
2000,Onondaga,"Under $5,000",15680,40323070.72,844550.5
2000,Orange,"$10,000 - $19,999",20398,318385056.84,7057521.58
2000,Orange,"$100,000 - $199,999",12470,1798745492.42,35309767.12
2000,Orange,"$20,000 - $29,999",19711,518603817.79,11620404.87
2000,Orange,"$200,000 or more",5994,1646437123.76,18919921.36
2000,Orange,"$30,000 - $39,999",18225,555303415.46,17138325.17
2000,Orange,"$40,000 - $49,999",15320,751820655.89,19626257.21
2000,Orange,"$5,000 - $9,999",10461,82657589.64,1790037.84
2000,Orange,"$50,000 - $74,999",24556,1584371063.31,37499529.82
2000,Orange,"$75,000 - $99,999",14436,1428582111.36,30597096.51
2000,Orange,"Under $5,000",9483,23512157.46,499232.46
2000,Queens,"$10,000 - $19,999",91725,1326181006.85,35085477.25
2000,Queens,"$100,000 - $199,999",63830,9591447779.27,176101087.68
2000,Queens,"$20,000 - $29,999",88164,2328393549.42,58041678.3
2000,Queens,"$200,000 or more",34004,10100514501.57,114489903.13
2000,Queens,"$30,000 - $39,999",88641,3157163278.85,77856174.75
2000,Queens,"$40,000 - $49,999",75462,3227170464.62,97548077.79
2000,Queens,"$5,000 - $9,999",46893,348599687.65,8900422.17
2000,Queens,"$50,000 - $74,999",115222,7131970779.74,197390925.17
2000,Queens,"$75,000 - $99,999",70931,5688383449.63,152956133.82
2000,Queens,"Under $5,000",44810,114243817.5,2383391.5
2000,Residence Unknown ++,All Classes,593,11949930.0,458906.06
2000,Rockland,"$10,000 - $19,999",14672,217128237.01,6920592.99
2000,Rockland,"$100,000 - $199,999",13400,2116166507.99,44565327.94
2000,Rockland,"$20,000 - $29,999",14875,345984718.16,11058914.96
2000,Rockland,"$200,000 or more",7518,2289677726.23,31341319.13
2000,Rockland,"$30,000 - $39,999",13678,469089479.66,16165609.26
2000,Rockland,"$40,000 - $49,999",12362,545966831.79,19253439.51
2000,Rockland,"$5,000 - $9,999",6063,43114610.77,1327444.39
2000,Rockland,"$50,000 - $74,999",20824,1389580127.25,44924099.61
2000,Rockland,"$75,000 - $99,999",13730,1209967402.64,37515721.67
2000,Rockland,"Under $5,000",5321,12297943.26,353615.07
2000,Schuyler,"$10,000 - $19,999",1563,22651694.16,454059.99
2000,Schuyler,"$100,000 - $199,999",542,84581956.45,1256528.25
2000,Schuyler,"$20,000 - $29,999",1193,30364209.65,608028.27
2000,Schuyler,"$200,000 or more",273,76911069.06,729366.25
2000,Schuyler,"$30,000 - $39,999",1097,41971011.0,901953.51
2000,Schuyler,"$40,000 - $49,999",870,42460735.63,966542.2
2000,Schuyler,"$5,000 - $9,999",784,5684139.55,122082.3
2000,Schuyler,"$50,000 - $74,999",1241,78970126.7,1588611.59
2000,Schuyler,"$75,000 - $99,999",687,61518447.52,1361681.16
2000,Schuyler,"Under $5,000",857,2251780.31,39858.45
2000,Seneca,"$10,000 - $19,999",2220,32160030.78,598749.54
2000,Seneca,"$100,000 - $199,999",956,137671939.74,1920847.36
2000,Seneca,"$20,000 - $29,999",2254,57570275.66,1014548.7
2000,Seneca,"$200,000 or more",477,145277505.49,1105226.49
2000,Seneca,"$30,000 - $39,999",1722,60981270.55,1224073.89
2000,Seneca,"$40,000 - $49,999",1463,60801783.77,1491530.25
2000,Seneca,"$5,000 - $9,999",1266,9353878.31,168723.89
2000,Seneca,"$50,000 - $74,999",2213,127350014.85,2773463.93
2000,Seneca,"$75,000 - $99,999",1172,104750853.55,1975878.35
2000,Seneca,"Under $5,000",1359,3353961.76,48267.5
2000,Staten Island,"$10,000 - $19,999",21997,320908163.44,8301022.62
2000,Staten Island,"$100,000 - $199,999",16206,2389283018.3,44340869.52
2000,Staten Island,"$20,000 - $29,999",20898,520900554.34,13051412.85
2000,Staten Island,"$200,000 or more",7429,2125291471.44,24043899.77
2000,Staten Island,"$30,000 - $39,999",20778,770730005.1,19450327.39
2000,Staten Island,"$40,000 - $49,999",18846,802574869.27,24453815.03
2000,Staten Island,"$5,000 - $9,999",11225,87737783.33,1951636.52
2000,Staten Island,"$50,000 - $74,999",30332,2074768639.46,52458184.73
2000,Staten Island,"$75,000 - $99,999",16698,1366448061.73,37688113.57
2000,Staten Island,"Under $5,000",10004,25517466.0,501271.31
2000,Suffolk,"$10,000 - $19,999",76588,1254357704.04,34257198.39
2000,Suffolk,"$100,000 - $199,999",65696,10166802054.18,218416719.51
2000,Suffolk,"$20,000 - $29,999",82011,1947397373.33,59210576.47
2000,Suffolk,"$200,000 or more",35044,10996677305.91,133069236.78
2000,Suffolk,"$30,000 - $39,999",74204,2504630269.66,85068594.06
2000,Suffolk,"$40,000 - $49,999",66245,3067211709.37,96034257.52
2000,Suffolk,"$5,000 - $9,999",38209,274364292.94,7432084.3
2000,Suffolk,"$50,000 - $74,999",112739,6421717825.1,206265634.42
2000,Suffolk,"$75,000 - $99,999",68617,6399074465.18,172672834.39
2000,Suffolk,"Under $5,000",33510,82942794.2,1999946.45
2000,Tioga,"$10,000 - $19,999",3446,51272657.29,1105316.7
2000,Tioga,"$100,000 - $199,999",1519,236162250.53,3255175.23
2000,Tioga,"$20,000 - $29,999",3044,76617044.43,1573571.77
2000,Tioga,"$200,000 or more",691,221960841.88,1791880.26
2000,Tioga,"$30,000 - $39,999",2765,105455988.61,2015392.15
2000,Tioga,"$40,000 - $49,999",2262,100577259.01,2261623.57
2000,Tioga,"$5,000 - $9,999",1788,13191941.41,272412.12
2000,Tioga,"$50,000 - $74,999",3284,205790642.23,4508683.14
2000,Tioga,"$75,000 - $99,999",1875,157115086.17,3458390.64
2000,Tioga,"Under $5,000",1995,5000333.82,83540.88
2000,Tompkins,"$10,000 - $19,999",5993,83578351.36,2009971.16
2000,Tompkins,"$100,000 - $199,999",3159,453773992.46,8186668.64
2000,Tompkins,"$20,000 - $29,999",5436,133745101.44,3200423.13
2000,Tompkins,"$200,000 or more",1656,521443771.72,5031603.86
2000,Tompkins,"$30,000 - $39,999",5253,179581432.99,4594792.01
2000,Tompkins,"$40,000 - $49,999",4418,192559597.33,5392937.33
2000,Tompkins,"$5,000 - $9,999",3044,23562109.02,522723.15
2000,Tompkins,"$50,000 - $74,999",6649,409884704.49,11067111.59
2000,Tompkins,"$75,000 - $99,999",3592,338693310.59,7360922.9
2000,Tompkins,"Under $5,000",3409,8646595.81,169802.94
2000,Westchester,"$10,000 - $19,999",37846,629606754.65,21219772.11
2000,Westchester,"$100,000 - $199,999",57874,9193445978.23,234659884.27
2000,Westchester,"$20,000 - $29,999",38553,936293264.78,33782128.49
2000,Westchester,"$200,000 or more",32141,9245421758.93,152631310.42
2000,Westchester,"$30,000 - $39,999",41787,1580875622.88,54222593.25
2000,Westchester,"$40,000 - $49,999",40272,1795206768.58,80885455.3
2000,Westchester,"$5,000 - $9,999",16492,118739977.61,4141842.05
2000,Westchester,"$50,000 - $74,999",82130,5344507998.39,208818557.05
2000,Westchester,"$75,000 - $99,999",50265,4562650475.02,157803463.4
2000,Westchester,"Under $5,000",14877,37911624.71,1105613.18
2000,Yates,"$10,000 - $19,999",1765,25810491.9,552155.93
2000,Yates,"$100,000 - $199,999",761,127494535.1,1569178.49
2000,Yates,"$20,000 - $29,999",1483,37818159.77,829559.69
2000,Yates,"$200,000 or more",333,104666426.7,870058.81
2000,Yates,"$30,000 - $39,999",1335,43123787.25,998332.52
2000,Yates,"$40,000 - $49,999",1131,51230754.97,1161071.17
2000,Yates,"$5,000 - $9,999",899,7114514.2,131638.31
2000,Yates,"$50,000 - $74,999",1503,88453027.84,1974105.18
2000,Yates,"$75,000 - $99,999",828,70924380.34,1489382.69
2000,Yates,"Under $5,000",954,2279064.27,39695.26
2001,Albany,"$10,000 - $19,999",19045,279339137.61,7847028.53
2001,Albany,"$100,000 - $199,999",12759,1697919885.02,35988216.97
2001,Albany,"$20,000 - $29,999",17930,458503447.16,11487700.39
2001,Albany,"$200,000 or more",6709,1935080282.91,24419401.75
2001,Albany,"$30,000 - $39,999",17509,566668877.21,18154770.06
2001,Albany,"$40,000 - $49,999",14639,680090063.07,19216484.0
2001,Albany,"$5,000 - $9,999",9176,65656610.95,1630538.8
2001,Albany,"$50,000 - $74,999",24236,1474489521.78,46167157.62
2001,Albany,"$75,000 - $99,999",13189,1222205845.53,29903968.81
2001,Albany,"Under $5,000",8541,20969737.04,434052.24
2001,Bronx,"$10,000 - $19,999",87858,1379936552.74,26314389.16
2001,Bronx,"$100,000 - $199,999",22700,3648812224.15,42820196.42
2001,Bronx,"$20,000 - $29,999",68291,1612821827.9,32190424.38
2001,Bronx,"$200,000 or more",9644,2878265119.49,20940104.17
2001,Bronx,"$30,000 - $39,999",58194,2077897517.18,39410428.49
2001,Bronx,"$40,000 - $49,999",42118,1896674137.15,41423698.86
2001,Bronx,"$5,000 - $9,999",49154,372465374.59,6001148.18
2001,Bronx,"$50,000 - $74,999",57642,3665769278.37,63913612.87
2001,Bronx,"$75,000 - $99,999",28946,2467799695.42,39652265.07
2001,Bronx,"Under $5,000",57990,143270010.84,2124290.6
2001,Brooklyn,"$10,000 - $19,999",128927,2058533597.06,42971210.45
2001,Brooklyn,"$100,000 - $199,999",70844,10309346844.02,176850817.06
2001,Brooklyn,"$20,000 - $29,999",111238,2786903085.74,68500692.79
2001,Brooklyn,"$200,000 or more",33126,10474114911.23,109884684.59
2001,Brooklyn,"$30,000 - $39,999",105557,3417003582.7,90218281.16
2001,Brooklyn,"$40,000 - $49,999",86502,3999919462.58,104864701.05
2001,Brooklyn,"$5,000 - $9,999",65338,479194160.08,11677655.1
2001,Brooklyn,"$50,000 - $74,999",131674,8068093060.48,241747853.04
2001,Brooklyn,"$75,000 - $99,999",76693,7247717040.04,158693212.82
2001,Brooklyn,"Under $5,000",63216,150726104.97,3227493.98
2001,Broome,"$10,000 - $19,999",13342,202439533.34,4769667.49
2001,Broome,"$100,000 - $199,999",6630,979565504.23,15775661.77
2001,Broome,"$20,000 - $29,999",12384,321198816.14,7578212.06
2001,Broome,"$200,000 or more",3086,903719225.3,9741751.98
2001,Broome,"$30,000 - $39,999",11059,394378836.05,9327328.38
2001,Broome,"$40,000 - $49,999",8428,391435620.95,9848789.74
2001,Broome,"$5,000 - $9,999",7237,50278322.18,1226621.94
2001,Broome,"$50,000 - $74,999",13597,792190808.02,23345933.82
2001,Broome,"$75,000 - $99,999",7235,643628155.59,14643692.71
2001,Broome,"Under $5,000",7963,20374111.19,384184.43
2001,Cayuga,"$10,000 - $19,999",5205,74758299.16,1718009.7
2001,Cayuga,"$100,000 - $199,999",2445,344575954.46,5907959.19
2001,Cayuga,"$20,000 - $29,999",5151,118663710.82,3001457.95
2001,Cayuga,"$200,000 or more",1120,355367758.44,3286341.43
2001,Cayuga,"$30,000 - $39,999",4544,160935421.12,3722441.44
2001,Cayuga,"$40,000 - $49,999",3297,147747245.73,3550633.17
2001,Cayuga,"$5,000 - $9,999",3184,22796153.83,491570.88
2001,Cayuga,"$50,000 - $74,999",5679,347214356.89,8803531.09
2001,Cayuga,"$75,000 - $99,999",2893,218361485.12,5730853.41
2001,Cayuga,"Under $5,000",3009,7421284.26,133355.69
2001,Chemung,"$10,000 - $19,999",6358,93216390.0,1950728.16
2001,Chemung,"$100,000 - $199,999",2512,348505634.03,6166591.84
2001,Chemung,"$20,000 - $29,999",5531,138978164.02,2767035.64
2001,Chemung,"$200,000 or more",1225,377611628.6,3120789.96
2001,Chemung,"$30,000 - $39,999",4718,149356847.15,3549994.17
2001,Chemung,"$40,000 - $49,999",3722,169738744.24,3742690.78
2001,Chemung,"$5,000 - $9,999",3023,24343333.99,448261.14
2001,Chemung,"$50,000 - $74,999",5584,330925718.81,8421866.24
2001,Chemung,"$75,000 - $99,999",3097,273705974.72,6269338.07
2001,Chemung,"Under $5,000",3406,8829267.43,155817.73
2001,Cortland,"$10,000 - $19,999",3713,56425889.99,1333728.63
2001,Cortland,"$100,000 - $199,999",1577,249294401.24,3898632.24
2001,Cortland,"$20,000 - $29,999",3096,77270063.88,1764116.8
2001,Cortland,"$200,000 or more",675,211227706.88,2102690.73
2001,Cortland,"$30,000 - $39,999",2752,93981592.65,2078757.32
2001,Cortland,"$40,000 - $49,999",2159,97567135.02,2617634.06
2001,Cortland,"$5,000 - $9,999",1878,13033005.54,327058.83
2001,Cortland,"$50,000 - $74,999",3185,228603860.86,4444824.51
2001,Cortland,"$75,000 - $99,999",1743,159010913.35,3719997.32
2001,Cortland,"Under $5,000",2029,4848785.38,97309.35
2001,Dutchess,"$10,000 - $19,999",18425,262531819.33,7682500.27
2001,Dutchess,"$100,000 - $199,999",11936,2013862970.38,35483241.33
2001,Dutchess,"$20,000 - $29,999",16347,369439003.69,11541007.72
2001,Dutchess,"$200,000 or more",6034,1847143014.31,20058849.65
2001,Dutchess,"$30,000 - $39,999",15465,536556366.54,15620630.64
2001,Dutchess,"$40,000 - $49,999",12090,589646284.61,17985556.74
2001,Dutchess,"$5,000 - $9,999",8023,55707028.95,1546624.43
2001,Dutchess,"$50,000 - $74,999",22919,1424076745.12,42744146.78
2001,Dutchess,"$75,000 - $99,999",13018,1176325737.16,30225710.93
2001,Dutchess,"Under $5,000",8215,20777868.35,450128.27
2001,Erie,"$10,000 - $19,999",57372,882413575.15,19672794.3
2001,Erie,"$100,000 - $199,999",32328,4711370387.38,82980648.58
2001,Erie,"$20,000 - $29,999",55755,1470182466.25,32217293.14
2001,Erie,"$200,000 or more",15945,4677193846.51,45954402.15
2001,Erie,"$30,000 - $39,999",48052,1714488812.33,40947403.73
2001,Erie,"$40,000 - $49,999",39349,1779088708.98,54259021.26
2001,Erie,"$5,000 - $9,999",27784,201604908.01,4784374.44
2001,Erie,"$50,000 - $74,999",59501,3720821588.92,97594546.34
2001,Erie,"$75,000 - $99,999",38175,3330899243.54,75669882.6
2001,Erie,"Under $5,000",29159,78592767.67,1470414.76
2001,"Grand Total, Full-Year Resident",All Classes,6436872,415535054443.37,10876970981.48
2001,Madison,"$10,000 - $19,999",4723,69849237.98,1665440.31
2001,Madison,"$100,000 - $199,999",1998,275217982.53,4845572.56
2001,Madison,"$20,000 - $29,999",4337,119076397.71,2640704.81
2001,Madison,"$200,000 or more",994,275667682.11,2886474.76
2001,Madison,"$30,000 - $39,999",3605,123712530.91,3022348.48
2001,Madison,"$40,000 - $49,999",3087,141326066.09,3619732.8
2001,Madison,"$5,000 - $9,999",2533,18741815.53,367895.63
2001,Madison,"$50,000 - $74,999",4762,289162888.25,7135926.31
2001,Madison,"$75,000 - $99,999",2647,224884273.03,5185608.86
2001,Madison,"Under $5,000",2586,6230889.52,128325.18
2001,Manhattan,"$10,000 - $19,999",43684,624784334.28,35595296.48
2001,Manhattan,"$100,000 - $199,999",110483,16551218286.45,653655725.12
2001,Manhattan,"$20,000 - $29,999",48144,1146625939.99,57770699.59
2001,Manhattan,"$200,000 or more",67938,20962076855.18,445544576.75
2001,Manhattan,"$30,000 - $39,999",57497,2169862897.42,112496049.95
2001,Manhattan,"$40,000 - $49,999",60979,2613182226.19,182522594.67
2001,Manhattan,"$5,000 - $9,999",16568,123462989.71,6384876.27
2001,Manhattan,"$50,000 - $74,999",139428,9197037493.02,502488993.9
2001,Manhattan,"$75,000 - $99,999",100811,8630537338.09,503199517.38
2001,Manhattan,"Under $5,000",12003,29571580.61,1233784.26
2001,Monroe,"$10,000 - $19,999",46150,656014402.05,16945911.64
2001,Monroe,"$100,000 - $199,999",29920,4696723548.76,88944575.22
2001,Monroe,"$20,000 - $29,999",40426,1055570888.98,24687566.55
2001,Monroe,"$200,000 or more",14396,4077148753.62,46649791.09
2001,Monroe,"$30,000 - $39,999",40934,1398383963.34,41488078.75
2001,Monroe,"$40,000 - $49,999",33732,1559934511.38,45500249.74
2001,Monroe,"$5,000 - $9,999",22138,179054842.87,4275631.68
2001,Monroe,"$50,000 - $74,999",50803,3354266310.38,88993882.47
2001,Monroe,"$75,000 - $99,999",31959,2902003713.3,74292799.87
2001,Monroe,"Under $5,000",21989,53752446.33,1304205.88
2001,NYS Unclassified +,All Classes,2304,69742974.67,2272741.35
2001,Nassau,"$10,000 - $19,999",56666,855822753.11,34796125.47
2001,Nassau,"$100,000 - $199,999",72324,12371065083.68,301353618.5
2001,Nassau,"$20,000 - $29,999",62519,1528331424.0,56862832.18
2001,Nassau,"$200,000 or more",44948,14426141811.18,235241836.27
2001,Nassau,"$30,000 - $39,999",65282,2167990114.78,91297622.66
2001,Nassau,"$40,000 - $49,999",59294,2704194378.42,136022762.35
2001,Nassau,"$5,000 - $9,999",25398,195909047.67,7501787.03
2001,Nassau,"$50,000 - $74,999",116606,6859098837.94,303550978.76
2001,Nassau,"$75,000 - $99,999",72361,6468375834.02,260258485.43
2001,Nassau,"Under $5,000",21683,52518031.36,1835640.96
2001,Onondaga,"$10,000 - $19,999",29251,446505872.76,9722917.85
2001,Onondaga,"$100,000 - $199,999",16673,2377889055.47,41644579.9
2001,Onondaga,"$20,000 - $29,999",28486,709615135.24,17007379.57
2001,Onondaga,"$200,000 or more",8327,2536529624.64,24200256.32
2001,Onondaga,"$30,000 - $39,999",24907,827043916.33,22658806.7
2001,Onondaga,"$40,000 - $49,999",20922,913248998.92,25346106.56
2001,Onondaga,"$5,000 - $9,999",15346,110767327.42,2681083.17
2001,Onondaga,"$50,000 - $74,999",35882,2403174728.37,60609179.11
2001,Onondaga,"$75,000 - $99,999",20061,1773125880.66,40351397.16
2001,Onondaga,"Under $5,000",15346,40366670.34,718667.95
2001,Orange,"$10,000 - $19,999",21430,306236944.25,8096167.13
2001,Orange,"$100,000 - $199,999",12560,1953450588.93,34535670.6
2001,Orange,"$20,000 - $29,999",20458,511458480.56,11754342.16
2001,Orange,"$200,000 or more",6708,2155413202.05,21189346.73
2001,Orange,"$30,000 - $39,999",18223,668982791.0,17283819.65
2001,Orange,"$40,000 - $49,999",15257,718679938.3,19488309.46
2001,Orange,"$5,000 - $9,999",10213,81426356.72,1979873.53
2001,Orange,"$50,000 - $74,999",25443,1654658005.14,44260869.79
2001,Orange,"$75,000 - $99,999",14024,1245823787.39,30196278.57
2001,Orange,"Under $5,000",10217,23958133.26,573814.1
2001,Queens,"$10,000 - $19,999",92822,1421748810.93,37451527.44
2001,Queens,"$100,000 - $199,999",59735,9261228791.35,175269617.66
2001,Queens,"$20,000 - $29,999",94847,2436758808.33,64952740.11
2001,Queens,"$200,000 or more",31689,9602268183.07,124414824.11
2001,Queens,"$30,000 - $39,999",94880,3300088599.17,99986896.55
2001,Queens,"$40,000 - $49,999",77253,3271743839.59,103703965.17
2001,Queens,"$5,000 - $9,999",50703,350797316.35,9668276.17
2001,Queens,"$50,000 - $74,999",120774,8241934147.97,219999324.72
2001,Queens,"$75,000 - $99,999",66396,5507033714.65,157878437.25
2001,Queens,"Under $5,000",45533,115162065.25,2497436.16
2001,Residence Unknown ++,All Classes,545,12825320.39,407981.96
2001,Rockland,"$10,000 - $19,999",14039,221609200.12,6453672.35
2001,Rockland,"$100,000 - $199,999",12185,1742144744.09,44125604.39
2001,Rockland,"$20,000 - $29,999",14533,351337665.08,12477763.55
2001,Rockland,"$200,000 or more",7865,2305722907.99,35427902.99
2001,Rockland,"$30,000 - $39,999",13922,444866876.52,16047725.42
2001,Rockland,"$40,000 - $49,999",11949,519960854.56,19215047.83
2001,Rockland,"$5,000 - $9,999",6264,46981817.48,1421184.88
2001,Rockland,"$50,000 - $74,999",20862,1252357248.59,44838211.34
2001,Rockland,"$75,000 - $99,999",13576,1150950000.48,38775673.86
2001,Rockland,"Under $5,000",5573,14679805.96,386188.6
2001,Schuyler,"$10,000 - $19,999",1481,22380815.59,487132.59
2001,Schuyler,"$100,000 - $199,999",584,80434978.1,1334139.7
2001,Schuyler,"$20,000 - $29,999",1262,33648783.12,701106.16
2001,Schuyler,"$200,000 or more",272,79750965.51,799107.34
2001,Schuyler,"$30,000 - $39,999",1125,38798060.64,962702.0
2001,Schuyler,"$40,000 - $49,999",866,39891882.64,994434.63
2001,Schuyler,"$5,000 - $9,999",757,5909551.34,128268.92
2001,Schuyler,"$50,000 - $74,999",1144,73331606.0,1627851.48
2001,Schuyler,"$75,000 - $99,999",688,64893823.26,1152696.78
2001,Schuyler,"Under $5,000",852,2092725.25,37994.83
2001,Seneca,"$10,000 - $19,999",2257,36042142.44,703544.18
2001,Seneca,"$100,000 - $199,999",934,128996640.54,2236318.01
2001,Seneca,"$20,000 - $29,999",2243,55927377.1,1136376.65
2001,Seneca,"$200,000 or more",480,136129450.33,1213170.25
2001,Seneca,"$30,000 - $39,999",1859,68448498.24,1451474.74
2001,Seneca,"$40,000 - $49,999",1421,59409915.33,1380143.92
2001,Seneca,"$5,000 - $9,999",1199,9369135.8,194115.44
2001,Seneca,"$50,000 - $74,999",2108,136531938.06,3062426.88
2001,Seneca,"$75,000 - $99,999",1141,96061222.84,2102783.87
2001,Seneca,"Under $5,000",1376,3645759.78,58262.97
2001,Staten Island,"$10,000 - $19,999",22532,325561077.6,9476368.47
2001,Staten Island,"$100,000 - $199,999",15863,2409469019.9,48204968.23
2001,Staten Island,"$20,000 - $29,999",21695,571548988.86,16102443.9
2001,Staten Island,"$200,000 or more",8169,2361777399.94,32484765.46
2001,Staten Island,"$30,000 - $39,999",21047,713011886.79,21208791.05
2001,Staten Island,"$40,000 - $49,999",17788,809529322.95,27325112.93
2001,Staten Island,"$5,000 - $9,999",10920,88263212.23,2385626.74
2001,Staten Island,"$50,000 - $74,999",29589,1869457141.08,56101642.01
2001,Staten Island,"$75,000 - $99,999",14988,1355550956.98,35049372.66
2001,Staten Island,"Under $5,000",11789,29740444.94,729674.5
2001,Suffolk,"$10,000 - $19,999",76929,1154887688.08,35879355.1
2001,Suffolk,"$100,000 - $199,999",66055,9431677727.83,227220270.52
2001,Suffolk,"$20,000 - $29,999",78571,2108486604.91,58915387.91
2001,Suffolk,"$200,000 or more",35793,10357111919.57,135533132.8
2001,Suffolk,"$30,000 - $39,999",74355,2709646176.93,86089881.34
2001,Suffolk,"$40,000 - $49,999",69637,3260879177.83,104741656.16
2001,Suffolk,"$5,000 - $9,999",37619,274726341.07,8063548.66
2001,Suffolk,"$50,000 - $74,999",119632,8225763836.02,239623916.29
2001,Suffolk,"$75,000 - $99,999",73271,6189500839.1,201345747.42
2001,Suffolk,"Under $5,000",36524,94423598.51,2268697.26
2001,Tioga,"$10,000 - $19,999",3557,52707700.03,1289252.36
2001,Tioga,"$100,000 - $199,999",1502,228080946.59,3537711.22
2001,Tioga,"$20,000 - $29,999",3053,76248352.69,1527071.34
2001,Tioga,"$200,000 or more",694,214659320.63,1934960.55
2001,Tioga,"$30,000 - $39,999",2756,89114102.37,2054249.48
2001,Tioga,"$40,000 - $49,999",2167,92013996.57,2276794.78
2001,Tioga,"$5,000 - $9,999",1841,13337873.43,305886.08
2001,Tioga,"$50,000 - $74,999",3265,192933972.01,4724912.97
2001,Tioga,"$75,000 - $99,999",1753,159361118.18,3391349.54
2001,Tioga,"Under $5,000",2048,5257213.94,88642.34
2001,Tompkins,"$10,000 - $19,999",6190,91179728.35,2134945.53
2001,Tompkins,"$100,000 - $199,999",3397,521946616.92,9144503.52
2001,Tompkins,"$20,000 - $29,999",5780,141768098.41,3591493.43
2001,Tompkins,"$200,000 or more",1610,493905010.6,4999793.25
2001,Tompkins,"$30,000 - $39,999",5301,174766633.51,4835485.58
2001,Tompkins,"$40,000 - $49,999",4382,202050235.08,5704030.87
2001,Tompkins,"$5,000 - $9,999",3069,22268174.33,504760.55
2001,Tompkins,"$50,000 - $74,999",6622,404274409.51,10757999.5
2001,Tompkins,"$75,000 - $99,999",3666,320975452.65,7799030.66
2001,Tompkins,"Under $5,000",2941,7522354.24,137923.22
2001,Westchester,"$10,000 - $19,999",38028,591557315.45,22027073.97
2001,Westchester,"$100,000 - $199,999",53280,7780371893.97,231761397.43
2001,Westchester,"$20,000 - $29,999",41679,982714588.34,41704570.42
2001,Westchester,"$200,000 or more",34418,10545291068.31,177562832.3
2001,Westchester,"$30,000 - $39,999",43888,1575903111.87,63090155.48
2001,Westchester,"$40,000 - $49,999",42967,2144833999.18,89276107.22
2001,Westchester,"$5,000 - $9,999",17732,127171457.89,5629517.67
2001,Westchester,"$50,000 - $74,999",87077,5861937245.26,216956230.76
2001,Westchester,"$75,000 - $99,999",51256,4159770071.97,183652355.95
2001,Westchester,"Under $5,000",14739,36135275.81,1246941.65
2001,Yates,"$10,000 - $19,999",1733,26427454.59,537809.14
2001,Yates,"$100,000 - $199,999",701,101167746.71,1660084.45
2001,Yates,"$20,000 - $29,999",1640,40395410.94,875555.78
2001,Yates,"$200,000 or more",324,99320989.25,854616.16
2001,Yates,"$30,000 - $39,999",1275,44017735.27,906488.53
2001,Yates,"$40,000 - $49,999",1049,46983918.98,1074261.45
2001,Yates,"$5,000 - $9,999",1089,7818815.43,155769.11
2001,Yates,"$50,000 - $74,999",1507,96821480.87,2120182.09
2001,Yates,"$75,000 - $99,999",848,72137759.87,1561547.86
2001,Yates,"Under $5,000",1016,2500124.5,45344.15
2002,Albany,"$10,000 - $19,999",19214,288947925.71,8041754.91
2002,Albany,"$100,000 - $199,999",12699,1957806397.16,35551737.57
2002,Albany,"$20,000 - $29,999",17915,431055741.24,13727580.68
2002,Albany,"$200,000 or more",6474,1960540166.75,22302361.93
2002,Albany,"$30,000 - $39,999",16841,616571121.42,17342065.03
2002,Albany,"$40,000 - $49,999",14389,671891688.14,20347581.13
2002,Albany,"$5,000 - $9,999",9010,68713992.14,1841373.57
2002,Albany,"$50,000 - $74,999",23858,1479269601.19,43543768.81
2002,Albany,"$75,000 - $99,999",13059,1105961683.61,29890608.21
2002,Albany,"Under $5,000",8523,21232331.79,495942.85
2002,Bronx,"$10,000 - $19,999",90538,1467244671.77,26449071.86
2002,Bronx,"$100,000 - $199,999",20021,2794179197.33,47303619.45
2002,Bronx,"$20,000 - $29,999",71286,1788962496.88,32793285.12
2002,Bronx,"$200,000 or more",10425,3302198051.06,27264886.84
2002,Bronx,"$30,000 - $39,999",57002,1966432362.68,40932366.75
2002,Bronx,"$40,000 - $49,999",43220,1992259190.28,44029828.71
2002,Bronx,"$5,000 - $9,999",48625,341822799.8,7530756.35
2002,Bronx,"$50,000 - $74,999",58335,3540712427.44,74538391.98
2002,Bronx,"$75,000 - $99,999",26140,2304108839.84,48507378.83
2002,Bronx,"Under $5,000",61533,153748962.82,2648284.96
2002,Brooklyn,"$10,000 - $19,999",123270,1850794647.44,47618345.73
2002,Brooklyn,"$100,000 - $199,999",66424,9507567216.59,183761157.96
2002,Brooklyn,"$20,000 - $29,999",115832,2921507923.89,76756558.28
2002,Brooklyn,"$200,000 or more",32865,9723690992.7,112411082.84
2002,Brooklyn,"$30,000 - $39,999",100571,3435955980.71,99954172.17
2002,Brooklyn,"$40,000 - $49,999",86682,3897613779.8,117280479.19
2002,Brooklyn,"$5,000 - $9,999",60723,494074077.43,11281267.91
2002,Brooklyn,"$50,000 - $74,999",134430,7906555472.44,249379632.64
2002,Brooklyn,"$75,000 - $99,999",74700,6480986618.5,158354196.86
2002,Brooklyn,"Under $5,000",68223,163410709.83,3781320.5
2002,Broome,"$10,000 - $19,999",15111,221060389.39,5362147.34
2002,Broome,"$100,000 - $199,999",6505,959454417.38,17682065.13
2002,Broome,"$20,000 - $29,999",13277,305562479.31,8332984.54
2002,Broome,"$200,000 or more",3225,997947353.76,10398809.67
2002,Broome,"$30,000 - $39,999",11166,370913663.62,10146963.02
2002,Broome,"$40,000 - $49,999",9143,390957473.61,11732106.16
2002,Broome,"$5,000 - $9,999",7735,62350627.99,1302283.37
2002,Broome,"$50,000 - $74,999",14345,898904385.32,24697617.38
2002,Broome,"$75,000 - $99,999",7584,654575564.87,15759708.12
2002,Broome,"Under $5,000",7827,18395928.67,391323.09
2002,Cayuga,"$10,000 - $19,999",5249,75444691.3,1693103.5
2002,Cayuga,"$100,000 - $199,999",2326,324871112.93,5957821.84
2002,Cayuga,"$20,000 - $29,999",5194,132869206.67,2771410.77
2002,Cayuga,"$200,000 or more",1094,300438199.23,3153915.13
2002,Cayuga,"$30,000 - $39,999",4283,157500624.33,3748237.55
2002,Cayuga,"$40,000 - $49,999",3456,155833349.81,3880069.78
2002,Cayuga,"$5,000 - $9,999",2958,21395611.53,474239.86
2002,Cayuga,"$50,000 - $74,999",5708,334526329.54,9542649.39
2002,Cayuga,"$75,000 - $99,999",2958,241806843.32,5631241.91
2002,Cayuga,"Under $5,000",2983,7825348.45,131721.82
2002,Chemung,"$10,000 - $19,999",5748,88632189.82,2048696.98
2002,Chemung,"$100,000 - $199,999",2507,370131288.69,6118410.06
2002,Chemung,"$20,000 - $29,999",4876,105355784.11,2811889.83
2002,Chemung,"$200,000 or more",1163,324237427.73,3589927.45
2002,Chemung,"$30,000 - $39,999",4620,171615764.71,4133155.81
2002,Chemung,"$40,000 - $49,999",3618,139798520.74,4111327.09
2002,Chemung,"$5,000 - $9,999",3063,23565620.32,538659.31
2002,Chemung,"$50,000 - $74,999",5299,321141626.21,8435744.14
2002,Chemung,"$75,000 - $99,999",3073,283032145.13,6257108.71
2002,Chemung,"Under $5,000",3460,8318963.34,161095.65
2002,Cortland,"$10,000 - $19,999",3269,48178895.72,1055496.7
2002,Cortland,"$100,000 - $199,999",1546,221882122.85,3838286.71
2002,Cortland,"$20,000 - $29,999",3095,79255788.08,1697036.09
2002,Cortland,"$200,000 or more",710,221569776.93,2169761.66
2002,Cortland,"$30,000 - $39,999",2814,111781967.37,2151625.61
2002,Cortland,"$40,000 - $49,999",2066,100111225.28,2086205.77
2002,Cortland,"$5,000 - $9,999",1861,13278096.77,299316.62
2002,Cortland,"$50,000 - $74,999",3229,213429999.27,4836554.06
2002,Cortland,"$75,000 - $99,999",1684,144520492.11,3235727.81
2002,Cortland,"Under $5,000",2102,5684140.5,97232.91
2002,Dutchess,"$10,000 - $19,999",17417,278399879.15,8654155.48
2002,Dutchess,"$100,000 - $199,999",11605,1796951024.24,35647560.84
2002,Dutchess,"$20,000 - $29,999",16266,406761649.04,11578102.24
2002,Dutchess,"$200,000 or more",6071,1798914648.21,20187955.39
2002,Dutchess,"$30,000 - $39,999",15534,510628263.9,16563895.02
2002,Dutchess,"$40,000 - $49,999",14204,630984413.65,22111802.41
2002,Dutchess,"$5,000 - $9,999",8233,61187042.36,1823871.65
2002,Dutchess,"$50,000 - $74,999",23482,1321928038.07,45274952.47
2002,Dutchess,"$75,000 - $99,999",12243,1008326441.3,30842492.89
2002,Dutchess,"Under $5,000",7937,19965140.21,491389.67
2002,Erie,"$10,000 - $19,999",56840,834860869.12,22701355.86
2002,Erie,"$100,000 - $199,999",32028,4988494414.43,89702599.8
2002,Erie,"$20,000 - $29,999",52748,1283969698.7,32224549.22
2002,Erie,"$200,000 or more",15080,4718803509.7,47001932.08
2002,Erie,"$30,000 - $39,999",51354,1798037811.63,47177783.6
2002,Erie,"$40,000 - $49,999",41597,1822433109.72,55678748.94
2002,Erie,"$5,000 - $9,999",29535,217512778.47,5712744.15
2002,Erie,"$50,000 - $74,999",65499,3805027748.27,125455122.87
2002,Erie,"$75,000 - $99,999",35253,3207294115.64,71574258.73
2002,Erie,"Under $5,000",31833,77098025.43,1662780.38
2002,"Grand Total, Full-Year Resident",All Classes,6423262,406809990608.32,11334345937.21
2002,Madison,"$10,000 - $19,999",4883,75014577.88,1590727.78
2002,Madison,"$100,000 - $199,999",2114,315989863.0,5213638.18
2002,Madison,"$20,000 - $29,999",3900,96033079.51,2232643.9
2002,Madison,"$200,000 or more",1036,298291828.18,3043706.36
2002,Madison,"$30,000 - $39,999",3649,133816267.36,2971296.15
2002,Madison,"$40,000 - $49,999",2838,122254988.07,3415162.4
2002,Madison,"$5,000 - $9,999",2443,19100168.66,407677.48
2002,Madison,"$50,000 - $74,999",4578,267843452.83,7305312.48
2002,Madison,"$75,000 - $99,999",2620,195400007.29,4839180.7
2002,Madison,"Under $5,000",2395,6152803.51,120642.82
2002,Manhattan,"$10,000 - $19,999",38314,558329022.41,29531356.48
2002,Manhattan,"$100,000 - $199,999",106376,16153490909.84,638188260.75
2002,Manhattan,"$20,000 - $29,999",50888,1303045082.0,72822692.46
2002,Manhattan,"$200,000 or more",69232,20707481959.27,468267019.85
2002,Manhattan,"$30,000 - $39,999",54149,2034395977.2,117687290.08
2002,Manhattan,"$40,000 - $49,999",63915,2870706825.86,187223121.14
2002,Manhattan,"$5,000 - $9,999",16424,117447676.97,6817216.18
2002,Manhattan,"$50,000 - $74,999",138280,8885272534.05,556638901.16
2002,Manhattan,"$75,000 - $99,999",99795,8123634310.17,503221721.09
2002,Manhattan,"Under $5,000",12105,30465045.47,1381150.43
2002,Monroe,"$10,000 - $19,999",45684,696678683.18,17397402.55
2002,Monroe,"$100,000 - $199,999",28551,4216139346.74,80656294.39
2002,Monroe,"$20,000 - $29,999",42881,1162002613.01,30857938.99
2002,Monroe,"$200,000 or more",14040,4043104001.42,49255496.52
2002,Monroe,"$30,000 - $39,999",40379,1379028853.81,40613821.81
2002,Monroe,"$40,000 - $49,999",33815,1552037901.86,48935377.25
2002,Monroe,"$5,000 - $9,999",21613,153482858.49,4246317.56
2002,Monroe,"$50,000 - $74,999",52171,2841881388.02,94833333.75
2002,Monroe,"$75,000 - $99,999",29072,2538853410.72,75362835.81
2002,Monroe,"Under $5,000",23129,58133983.59,1385256.02
2002,NYS Unclassified +,All Classes,2005,56553683.95,1586384.08
2002,Nassau,"$10,000 - $19,999",53648,798824055.67,32698640.16
2002,Nassau,"$100,000 - $199,999",74716,11465461819.75,339011703.16
2002,Nassau,"$20,000 - $29,999",58887,1478120410.71,60119170.25
2002,Nassau,"$200,000 or more",42803,13022493177.02,233174426.21
2002,Nassau,"$30,000 - $39,999",69576,2341807228.86,113291488.84
2002,Nassau,"$40,000 - $49,999",61549,2653041357.99,133999018.72
2002,Nassau,"$5,000 - $9,999",25048,194242406.43,7303257.98
2002,Nassau,"$50,000 - $74,999",113988,7403566418.49,328402818.77
2002,Nassau,"$75,000 - $99,999",75543,6758714086.46,287718396.47
2002,Nassau,"Under $5,000",22428,57404541.93,1958589.53
2002,Onondaga,"$10,000 - $19,999",30550,470632477.93,11819318.12
2002,Onondaga,"$100,000 - $199,999",17179,2564751696.7,49668857.86
2002,Onondaga,"$20,000 - $29,999",27623,645645782.44,16879516.41
2002,Onondaga,"$200,000 or more",8052,2477203289.09,27315090.66
2002,Onondaga,"$30,000 - $39,999",27402,948314040.61,25214195.32
2002,Onondaga,"$40,000 - $49,999",20043,915756022.02,25767835.64
2002,Onondaga,"$5,000 - $9,999",17340,121695541.75,3412591.03
2002,Onondaga,"$50,000 - $74,999",34649,2045823592.59,61561216.16
2002,Onondaga,"$75,000 - $99,999",21029,1748175784.04,49892568.1
2002,Onondaga,"Under $5,000",15014,35117219.46,773563.31
2002,Orange,"$10,000 - $19,999",20595,315171914.1,7440470.24
2002,Orange,"$100,000 - $199,999",13418,1898718638.62,34643093.16
2002,Orange,"$20,000 - $29,999",20303,526844180.49,13063613.03
2002,Orange,"$200,000 or more",6437,1912081438.63,22718900.98
2002,Orange,"$30,000 - $39,999",17969,603836189.76,18266907.55
2002,Orange,"$40,000 - $49,999",16561,719366241.77,22499536.74
2002,Orange,"$5,000 - $9,999",9667,71805318.25,1895222.52
2002,Orange,"$50,000 - $74,999",25042,1580042905.37,48161334.4
2002,Orange,"$75,000 - $99,999",14324,1311307084.92,30088173.67
2002,Orange,"Under $5,000",10468,27327788.47,568436.3
2002,Queens,"$10,000 - $19,999",99644,1539547908.13,43959972.12
2002,Queens,"$100,000 - $199,999",60659,9487601429.03,180146368.58
2002,Queens,"$20,000 - $29,999",90366,2148438425.2,62648244.8
2002,Queens,"$200,000 or more",32352,9963777273.33,129552401.05
2002,Queens,"$30,000 - $39,999",91066,2988344688.15,104780358.44
2002,Queens,"$40,000 - $49,999",72310,3321070670.15,106467569.67
2002,Queens,"$5,000 - $9,999",51064,380086530.01,9727280.06
2002,Queens,"$50,000 - $74,999",121989,7216417359.05,228080173.4
2002,Queens,"$75,000 - $99,999",66121,5475969860.85,166931003.29
2002,Queens,"Under $5,000",47830,119578170.02,2901902.53
2002,Residence Unknown ++,All Classes,666,16661102.09,552775.98
2002,Rockland,"$10,000 - $19,999",12757,201572003.15,6117033.99
2002,Rockland,"$100,000 - $199,999",13801,2059917923.05,49675479.2
2002,Rockland,"$20,000 - $29,999",13192,337568902.57,10352811.48
2002,Rockland,"$200,000 or more",7624,2257795251.18,33674865.88
2002,Rockland,"$30,000 - $39,999",13592,541854673.11,15933121.62
2002,Rockland,"$40,000 - $49,999",13191,602870499.36,21180117.99
2002,Rockland,"$5,000 - $9,999",6689,48913016.68,1464185.99
2002,Rockland,"$50,000 - $74,999",22217,1437856468.89,50588601.83
2002,Rockland,"$75,000 - $99,999",13394,1189117641.59,37497592.48
2002,Rockland,"Under $5,000",5851,14967068.54,382761.07
2002,Schuyler,"$10,000 - $19,999",1477,21691686.04,526835.1
2002,Schuyler,"$100,000 - $199,999",597,102653738.63,1457143.17
2002,Schuyler,"$20,000 - $29,999",1259,30444117.48,777119.13
2002,Schuyler,"$200,000 or more",288,88990691.95,880358.32
2002,Schuyler,"$30,000 - $39,999",1137,38713966.65,1014016.08
2002,Schuyler,"$40,000 - $49,999",893,43660275.01,1122772.78
2002,Schuyler,"$5,000 - $9,999",829,6868304.24,143224.45
2002,Schuyler,"$50,000 - $74,999",1276,69288530.81,1989325.41
2002,Schuyler,"$75,000 - $99,999",692,57589057.14,1543417.73
2002,Schuyler,"Under $5,000",860,2160516.91,44184.92
2002,Seneca,"$10,000 - $19,999",2430,34713275.67,862338.92
2002,Seneca,"$100,000 - $199,999",982,142397409.36,2392229.31
2002,Seneca,"$20,000 - $29,999",1956,48369319.8,1063364.37
2002,Seneca,"$200,000 or more",484,154332639.1,1422541.68
2002,Seneca,"$30,000 - $39,999",1687,58179661.88,1423674.19
2002,Seneca,"$40,000 - $49,999",1530,70093874.35,1788333.83
2002,Seneca,"$5,000 - $9,999",1224,9555500.91,199676.3
2002,Seneca,"$50,000 - $74,999",2274,127836455.43,3463510.18
2002,Seneca,"$75,000 - $99,999",1119,102372662.94,2154765.59
2002,Seneca,"Under $5,000",1337,3171794.92,63490.2
2002,Staten Island,"$10,000 - $19,999",22504,340750096.75,9822674.46
2002,Staten Island,"$100,000 - $199,999",15573,2288498283.54,50618364.6
2002,Staten Island,"$20,000 - $29,999",20503,528249130.8,14099116.71
2002,Staten Island,"$200,000 or more",8092,2431998255.86,31872665.76
2002,Staten Island,"$30,000 - $39,999",21434,773220301.13,22068859.17
2002,Staten Island,"$40,000 - $49,999",17823,704059463.95,27238000.12
2002,Staten Island,"$5,000 - $9,999",11966,91072444.21,2705310.46
2002,Staten Island,"$50,000 - $74,999",29653,1831159972.13,56133059.34
2002,Staten Island,"$75,000 - $99,999",17686,1588121847.34,41664428.44
2002,Staten Island,"Under $5,000",11212,27518776.09,672988.81
2002,Suffolk,"$10,000 - $19,999",80137,1112910818.9,37265117.5
2002,Suffolk,"$100,000 - $199,999",67435,10534430592.96,241308214.72
2002,Suffolk,"$20,000 - $29,999",77824,1886216044.97,61806414.24
2002,Suffolk,"$200,000 or more",33672,9614938071.03,147518920.06
2002,Suffolk,"$30,000 - $39,999",80306,2754047882.97,99274803.7
2002,Suffolk,"$40,000 - $49,999",69726,3075033269.69,113729417.53
2002,Suffolk,"$5,000 - $9,999",34688,260320843.3,7345893.74
2002,Suffolk,"$50,000 - $74,999",113835,7141410959.36,250401745.74
2002,Suffolk,"$75,000 - $99,999",71188,6689136870.06,192174423.69
2002,Suffolk,"Under $5,000",35591,90785701.09,2360308.89
2002,Tioga,"$10,000 - $19,999",3598,58450203.98,1095135.93
2002,Tioga,"$100,000 - $199,999",1551,234062242.9,3472561.84
2002,Tioga,"$20,000 - $29,999",2771,69042134.15,1582938.51
2002,Tioga,"$200,000 or more",804,260327804.87,2489259.79
2002,Tioga,"$30,000 - $39,999",2856,109963875.19,2361927.56
2002,Tioga,"$40,000 - $49,999",2005,95906557.4,2341300.61
2002,Tioga,"$5,000 - $9,999",1735,12131142.42,288473.39
2002,Tioga,"$50,000 - $74,999",3397,204006521.34,4969667.89
2002,Tioga,"$75,000 - $99,999",1697,147857842.66,3435938.79
2002,Tioga,"Under $5,000",1797,4401506.3,73967.17
2002,Tompkins,"$10,000 - $19,999",6065,88312110.12,2258683.8
2002,Tompkins,"$100,000 - $199,999",3345,543587633.22,9554814.17
2002,Tompkins,"$20,000 - $29,999",5645,131281402.47,3726742.83
2002,Tompkins,"$200,000 or more",1569,465100339.9,4764937.45
2002,Tompkins,"$30,000 - $39,999",4831,169695901.83,4383816.24
2002,Tompkins,"$40,000 - $49,999",4018,176085931.09,5250053.27
2002,Tompkins,"$5,000 - $9,999",3107,23581144.51,605829.16
2002,Tompkins,"$50,000 - $74,999",6388,403921922.31,10613398.21
2002,Tompkins,"$75,000 - $99,999",3599,315256763.73,7840149.79
2002,Tompkins,"Under $5,000",3240,8277866.32,166830.66
2002,Westchester,"$10,000 - $19,999",39177,558930229.71,22866295.78
2002,Westchester,"$100,000 - $199,999",53310,8789347305.7,212195198.11
2002,Westchester,"$20,000 - $29,999",41770,1027943625.89,38141291.69
2002,Westchester,"$200,000 or more",33348,9956818613.9,164366919.7
2002,Westchester,"$30,000 - $39,999",48577,1569679674.1,70382567.77
2002,Westchester,"$40,000 - $49,999",43300,1852158769.44,91655227.99
2002,Westchester,"$5,000 - $9,999",15635,117690848.21,4187799.75
2002,Westchester,"$50,000 - $74,999",85545,5722872232.95,224258878.77
2002,Westchester,"$75,000 - $99,999",50923,4424131911.68,171353028.82
2002,Westchester,"Under $5,000",14135,38584485.62,1204071.5
2003,Albany,"$10,000 - $19,999",19345,317840324.29,7765408.74
2003,Albany,"$100,000 - $199,999",12297,1866972866.59,36618878.73
2003,Albany,"$20,000 - $29,999",17515,403164845.46,11349943.74
2003,Albany,"$200,000 or more",6437,1767103359.14,24821333.36
2003,Albany,"$30,000 - $39,999",17249,566257415.17,18263310.73
2003,Albany,"$40,000 - $49,999",13747,605650312.8,21548030.53
2003,Albany,"$5,000 - $9,999",9346,70973266.0,1731915.32
2003,Albany,"$50,000 - $74,999",25120,1529661086.41,44340736.12
2003,Albany,"$75,000 - $99,999",14382,1310607805.73,32836180.17
2003,Albany,"Under $5,000",8658,20361701.63,432756.35
2003,Bronx,"$10,000 - $19,999",87870,1230070894.38,26261517.83
2003,Bronx,"$100,000 - $199,999",22810,3249185257.25,47246026.56
2003,Bronx,"$20,000 - $29,999",71629,1877027978.22,33882394.91
2003,Bronx,"$200,000 or more",10034,2798265735.88,26451655.31
2003,Bronx,"$30,000 - $39,999",55454,1931947807.01,39499503.02
2003,Bronx,"$40,000 - $49,999",43784,1888278718.12,44147592.17
2003,Bronx,"$5,000 - $9,999",52983,390001284.79,7250557.24
2003,Bronx,"$50,000 - $74,999",57454,3607478981.81,75362323.48
2003,Bronx,"$75,000 - $99,999",28742,2368040858.46,45824141.29
2003,Bronx,"Under $5,000",57529,136458576.95,2100062.09
2003,Brooklyn,"$10,000 - $19,999",132116,1962352145.89,50684643.1
2003,Brooklyn,"$100,000 - $199,999",63792,9826942725.31,175752639.3
2003,Brooklyn,"$20,000 - $29,999",118254,2964100801.57,85584562.15
2003,Brooklyn,"$200,000 or more",34413,10649332749.92,111512202.91
2003,Brooklyn,"$30,000 - $39,999",110050,3960378285.04,106994655.31
2003,Brooklyn,"$40,000 - $49,999",90918,3728462202.46,132240587.72
2003,Brooklyn,"$5,000 - $9,999",60235,467084387.11,12849630.63
2003,Brooklyn,"$50,000 - $74,999",139767,9315934568.08,273183854.33
2003,Brooklyn,"$75,000 - $99,999",74305,6389187128.91,161212108.96
2003,Brooklyn,"Under $5,000",57534,135256041.36,3121457.06
2003,Broome,"$10,000 - $19,999",14331,222606033.12,5239470.17
2003,Broome,"$100,000 - $199,999",6485,927363722.25,18285187.03
2003,Broome,"$20,000 - $29,999",12941,325177987.11,8341973.03
2003,Broome,"$200,000 or more",3262,1000243341.91,11047178.23
2003,Broome,"$30,000 - $39,999",10333,348129503.07,9461645.48
2003,Broome,"$40,000 - $49,999",8905,383874280.93,11623415.25
2003,Broome,"$5,000 - $9,999",7401,58277311.71,1350844.69
2003,Broome,"$50,000 - $74,999",12780,777563161.06,23130169.96
2003,Broome,"$75,000 - $99,999",7576,681130469.12,16141649.46
2003,Broome,"Under $5,000",7680,18304934.86,422871.28
2003,Cayuga,"$10,000 - $19,999",5584,81192961.22,1933397.43
2003,Cayuga,"$100,000 - $199,999",2334,362787650.81,5901155.89
2003,Cayuga,"$20,000 - $29,999",4510,106867303.65,2649222.64
2003,Cayuga,"$200,000 or more",1208,341611668.87,3664523.78
2003,Cayuga,"$30,000 - $39,999",4304,147999981.28,3863430.87
2003,Cayuga,"$40,000 - $49,999",3417,145507267.11,3933768.12
2003,Cayuga,"$5,000 - $9,999",3071,23006389.88,524125.51
2003,Cayuga,"$50,000 - $74,999",5694,361665379.68,9413042.81
2003,Cayuga,"$75,000 - $99,999",2644,218421665.65,4966819.13
2003,Cayuga,"Under $5,000",3098,7509980.13,150980.85
2003,Chemung,"$10,000 - $19,999",5598,78969666.84,1942842.83
2003,Chemung,"$100,000 - $199,999",2656,381417937.26,6721839.21
2003,Chemung,"$20,000 - $29,999",5589,125293363.39,3626274.37
2003,Chemung,"$200,000 or more",1257,416780022.8,3821718.54
2003,Chemung,"$30,000 - $39,999",4682,160788463.06,3977321.9
2003,Chemung,"$40,000 - $49,999",3548,145897415.97,4850892.03
2003,Chemung,"$5,000 - $9,999",3309,24935447.67,566392.15
2003,Chemung,"$50,000 - $74,999",5535,333169070.22,9202407.59
2003,Chemung,"$75,000 - $99,999",2912,243477315.8,5819057.06
2003,Chemung,"Under $5,000",3195,7494331.24,147051.72
2003,Cortland,"$10,000 - $19,999",3543,48912335.92,1206879.71
2003,Cortland,"$100,000 - $199,999",1463,212494053.32,4111770.32
2003,Cortland,"$20,000 - $29,999",3333,84621518.33,2004826.48
2003,Cortland,"$200,000 or more",688,212565717.1,2204812.66
2003,Cortland,"$30,000 - $39,999",2693,90164040.55,2570374.3
2003,Cortland,"$40,000 - $49,999",1954,82975806.65,2426735.5
2003,Cortland,"$5,000 - $9,999",1863,14474516.2,343549.4
2003,Cortland,"$50,000 - $74,999",3328,203454537.88,5190214.54
2003,Cortland,"$75,000 - $99,999",1688,146352531.67,3751562.86
2003,Cortland,"Under $5,000",1902,4310933.27,95505.29
2003,Dutchess,"$10,000 - $19,999",17365,266727719.07,7762419.72
2003,Dutchess,"$100,000 - $199,999",11896,1742779484.48,37103335.34
2003,Dutchess,"$20,000 - $29,999",16479,411372149.25,11043893.24
2003,Dutchess,"$200,000 or more",6568,1809163089.02,25330868.74
2003,Dutchess,"$30,000 - $39,999",16616,569835915.7,18461557.21
2003,Dutchess,"$40,000 - $49,999",14123,632909827.17,21279312.35
2003,Dutchess,"$5,000 - $9,999",7856,56875818.95,1544339.92
2003,Dutchess,"$50,000 - $74,999",23281,1575821668.33,48597226.1
2003,Dutchess,"$75,000 - $99,999",14003,1198420196.37,35127775.43
2003,Dutchess,"Under $5,000",8549,20675978.58,483502.87
2003,Erie,"$10,000 - $19,999",60632,936259616.3,24049092.88
2003,Erie,"$100,000 - $199,999",29465,4596950260.79,85393653.61
2003,Erie,"$20,000 - $29,999",51989,1348163604.36,31369150.73
2003,Erie,"$200,000 or more",17201,5418363972.82,56976455.37
2003,Erie,"$30,000 - $39,999",49462,1674589644.47,48043352.61
2003,Erie,"$40,000 - $49,999",40547,1731703951.45,53064046.32
2003,Erie,"$5,000 - $9,999",30205,239298973.61,5777398.62
2003,Erie,"$50,000 - $74,999",69367,4214101581.03,123842855.96
2003,Erie,"$75,000 - $99,999",38704,3283091138.81,86463191.93
2003,Erie,"Under $5,000",28383,70364396.44,1418041.28
2003,"Grand Total, Full-Year Resident",All Classes,6528625,419337725832.48,11917103184.91
2003,Madison,"$10,000 - $19,999",4581,62825357.14,1626255.77
2003,Madison,"$100,000 - $199,999",2215,333597975.41,5526503.43
2003,Madison,"$20,000 - $29,999",4291,109272191.47,2700562.9
2003,Madison,"$200,000 or more",1084,329254046.5,3134521.91
2003,Madison,"$30,000 - $39,999",3598,132938330.84,3114493.4
2003,Madison,"$40,000 - $49,999",3063,142003665.4,3839804.11
2003,Madison,"$5,000 - $9,999",2252,17724153.29,378532.22
2003,Madison,"$50,000 - $74,999",4548,278389336.16,7446874.75
2003,Madison,"$75,000 - $99,999",2520,210339496.72,5321995.87
2003,Madison,"Under $5,000",2567,6586787.6,129655.46
2003,Manhattan,"$10,000 - $19,999",41269,614083404.51,35932501.26
2003,Manhattan,"$100,000 - $199,999",111993,18055365607.11,699226319.11
2003,Manhattan,"$20,000 - $29,999",52274,1280523884.16,76199040.59
2003,Manhattan,"$200,000 or more",73716,21174055719.03,555796019.46
2003,Manhattan,"$30,000 - $39,999",59674,2214585876.06,124381625.43
2003,Manhattan,"$40,000 - $49,999",61829,2620708536.45,210675074.46
2003,Manhattan,"$5,000 - $9,999",15745,109282206.37,6605925.8
2003,Manhattan,"$50,000 - $74,999",148306,9005465094.24,592400501.53
2003,Manhattan,"$75,000 - $99,999",93427,7815757387.25,494371968.78
2003,Manhattan,"Under $5,000",13051,31892896.6,1608837.93
2003,Monroe,"$10,000 - $19,999",45152,660731368.28,17774372.46
2003,Monroe,"$100,000 - $199,999",26894,3946046189.37,77067392.93
2003,Monroe,"$20,000 - $29,999",42047,1080697062.76,30490741.39
2003,Monroe,"$200,000 or more",13795,4169976678.59,46321845.02
2003,Monroe,"$30,000 - $39,999",36892,1254124618.04,36090752.83
2003,Monroe,"$40,000 - $49,999",32070,1488616022.25,47542428.79
2003,Monroe,"$5,000 - $9,999",22200,168824973.49,4500852.86
2003,Monroe,"$50,000 - $74,999",56400,3603809712.45,98027011.28
2003,Monroe,"$75,000 - $99,999",28364,2474301408.75,70799922.33
2003,Monroe,"Under $5,000",23233,57455298.78,1420251.94
2003,NYS Unclassified +,All Classes,2258,74180434.84,2437009.8
2003,Nassau,"$10,000 - $19,999",60515,833406463.59,44899437.19
2003,Nassau,"$100,000 - $199,999",79278,11467241781.62,356410623.64
2003,Nassau,"$20,000 - $29,999",64745,1670573963.95,68635763.05
2003,Nassau,"$200,000 or more",45652,14614905899.14,250576362.35
2003,Nassau,"$30,000 - $39,999",66193,2664862231.46,107219683.62
2003,Nassau,"$40,000 - $49,999",67518,2983113339.95,147971274.36
2003,Nassau,"$5,000 - $9,999",25986,187650345.31,8348296.87
2003,Nassau,"$50,000 - $74,999",118948,6839808977.18,343329575.86
2003,Nassau,"$75,000 - $99,999",78423,7177856129.61,318652654.75
2003,Nassau,"Under $5,000",21953,50694625.3,1884916.19
2003,Onondaga,"$10,000 - $19,999",30612,472603490.11,11535760.41
2003,Onondaga,"$100,000 - $199,999",16036,2172054008.08,45189727.72
2003,Onondaga,"$20,000 - $29,999",27508,654051978.94,21010153.67
2003,Onondaga,"$200,000 or more",8451,2575970956.09,33196011.81
2003,Onondaga,"$30,000 - $39,999",25065,935140721.08,25391682.38
2003,Onondaga,"$40,000 - $49,999",21360,921521281.23,30670822.79
2003,Onondaga,"$5,000 - $9,999",15636,122189831.16,3060596.02
2003,Onondaga,"$50,000 - $74,999",35459,2247801701.64,67248832.24
2003,Onondaga,"$75,000 - $99,999",19887,1603165754.61,46158877.39
2003,Onondaga,"Under $5,000",15923,41855182.74,946861.95
2003,Orange,"$10,000 - $19,999",21204,326181987.45,9595708.04
2003,Orange,"$100,000 - $199,999",12571,1815793274.21,38082517.12
2003,Orange,"$20,000 - $29,999",19481,542061285.13,15978275.62
2003,Orange,"$200,000 or more",6674,2054951378.61,25780810.4
2003,Orange,"$30,000 - $39,999",19531,671512315.12,20773395.18
2003,Orange,"$40,000 - $49,999",15318,635279554.4,21656362.84
2003,Orange,"$5,000 - $9,999",10668,86412693.5,2332554.98
2003,Orange,"$50,000 - $74,999",25021,1648367910.81,48033608.02
2003,Orange,"$75,000 - $99,999",13507,1078058636.05,33551953.73
2003,Orange,"Under $5,000",10277,27353154.65,636362.65
2003,Queens,"$10,000 - $19,999",95041,1454333019.76,41562672.44
2003,Queens,"$100,000 - $199,999",62241,9967612825.23,198254242.47
2003,Queens,"$20,000 - $29,999",100342,2700099332.12,73026494.87
2003,Queens,"$200,000 or more",32791,9929508599.66,124925368.61
2003,Queens,"$30,000 - $39,999",91369,3222378682.23,98170613.53
2003,Queens,"$40,000 - $49,999",73751,3251181096.45,109294449.77
2003,Queens,"$5,000 - $9,999",47057,335733020.02,9748787.28
2003,Queens,"$50,000 - $74,999",125431,7927867683.45,243732698.27
2003,Queens,"$75,000 - $99,999",66705,5514176689.5,170351314.02
2003,Queens,"Under $5,000",44916,105863968.94,2746690.99
2003,Residence Unknown ++,All Classes,579,12667665.41,441672.49
2003,Rockland,"$10,000 - $19,999",14379,203559494.78,7208667.63
2003,Rockland,"$100,000 - $199,999",13183,2197641198.04,51473304.38
2003,Rockland,"$20,000 - $29,999",14125,349865257.96,11493386.55
2003,Rockland,"$200,000 or more",7662,2097188829.04,33058194.3
2003,Rockland,"$30,000 - $39,999",13834,498624207.66,16669428.41
2003,Rockland,"$40,000 - $49,999",12684,556714412.32,24283989.76
2003,Rockland,"$5,000 - $9,999",6406,48153248.9,1580865.01
2003,Rockland,"$50,000 - $74,999",21341,1312323490.65,49742118.66
2003,Rockland,"$75,000 - $99,999",14801,1283909753.89,46147302.72
2003,Rockland,"Under $5,000",5801,14812869.1,410550.42
2003,Schuyler,"$10,000 - $19,999",1481,23215354.92,535417.33
2003,Schuyler,"$100,000 - $199,999",559,84565865.49,1491376.14
2003,Schuyler,"$20,000 - $29,999",1331,33243432.68,796335.04
2003,Schuyler,"$200,000 or more",259,76787569.82,829731.85
2003,Schuyler,"$30,000 - $39,999",1199,41876327.92,1154920.8
2003,Schuyler,"$40,000 - $49,999",884,38152651.56,1096137.42
2003,Schuyler,"$5,000 - $9,999",786,5716904.03,132457.14
2003,Schuyler,"$50,000 - $74,999",1279,79702898.02,1899189.66
2003,Schuyler,"$75,000 - $99,999",712,59961735.64,1493340.63
2003,Schuyler,"Under $5,000",803,2165965.89,38484.4
2003,Seneca,"$10,000 - $19,999",2600,36472232.84,919304.13
2003,Seneca,"$100,000 - $199,999",1022,146209956.15,2417699.34
2003,Seneca,"$20,000 - $29,999",2093,52321939.11,1222319.15
2003,Seneca,"$200,000 or more",455,129699502.08,1547400.77
2003,Seneca,"$30,000 - $39,999",1942,69722901.1,1775501.64
2003,Seneca,"$40,000 - $49,999",1460,64874915.63,1909235.13
2003,Seneca,"$5,000 - $9,999",1270,9756268.85,208590.07
2003,Seneca,"$50,000 - $74,999",2244,147999933.68,3455506.27
2003,Seneca,"$75,000 - $99,999",1178,115705530.67,2334921.01
2003,Seneca,"Under $5,000",1319,3348116.94,61147.52
2003,Staten Island,"$10,000 - $19,999",24700,367528707.3,12144273.2
2003,Staten Island,"$100,000 - $199,999",15166,2415877255.1,49310735.45
2003,Staten Island,"$20,000 - $29,999",23301,569618058.03,17907712.52
2003,Staten Island,"$200,000 or more",8331,2334530589.01,34362362.51
2003,Staten Island,"$30,000 - $39,999",21109,769405639.78,27205723.62
2003,Staten Island,"$40,000 - $49,999",18088,840483477.04,29217188.47
2003,Staten Island,"$5,000 - $9,999",11308,83555799.51,2587486.61
2003,Staten Island,"$50,000 - $74,999",26849,1778851997.17,52988497.17
2003,Staten Island,"$75,000 - $99,999",17234,1483221530.75,44902532.15
2003,Staten Island,"Under $5,000",11260,26847826.27,720088.61
2003,Suffolk,"$10,000 - $19,999",78505,1213580257.36,38395297.41
2003,Suffolk,"$100,000 - $199,999",65138,9936976191.79,237268528.72
2003,Suffolk,"$20,000 - $29,999",82563,1943482250.42,68487895.01
2003,Suffolk,"$200,000 or more",34788,9924876428.43,140156303.0
2003,Suffolk,"$30,000 - $39,999",77591,2706851476.53,97099853.21
2003,Suffolk,"$40,000 - $49,999",65199,3189503822.68,105038293.03
2003,Suffolk,"$5,000 - $9,999",39235,299771835.62,9556138.66
2003,Suffolk,"$50,000 - $74,999",119147,8113140544.56,256653063.65
2003,Suffolk,"$75,000 - $99,999",70370,6468968741.86,180495829.44
2003,Suffolk,"Under $5,000",37069,93288818.7,2426063.17
2003,Tioga,"$10,000 - $19,999",3510,53293646.24,1216586.92
2003,Tioga,"$100,000 - $199,999",1468,222448262.87,3747969.8
2003,Tioga,"$20,000 - $29,999",3120,76785183.93,1899602.35
2003,Tioga,"$200,000 or more",675,188972557.53,2013914.73
2003,Tioga,"$30,000 - $39,999",2893,96479718.85,2244775.65
2003,Tioga,"$40,000 - $49,999",2178,91065282.41,2732592.45
2003,Tioga,"$5,000 - $9,999",1872,14702577.16,340566.27
2003,Tioga,"$50,000 - $74,999",3264,206296536.07,5211070.01
2003,Tioga,"$75,000 - $99,999",1735,164567077.78,3466659.07
2003,Tioga,"Under $5,000",1988,4469274.51,92816.72
2003,Tompkins,"$10,000 - $19,999",6258,84378154.26,2504776.94
2003,Tompkins,"$100,000 - $199,999",3227,510549307.03,9988885.94
2003,Tompkins,"$20,000 - $29,999",6013,152350713.7,3869873.73
2003,Tompkins,"$200,000 or more",1577,476829607.94,6177724.32
2003,Tompkins,"$30,000 - $39,999",5374,180597991.0,4855440.41
2003,Tompkins,"$40,000 - $49,999",4344,191462163.49,5574836.81
2003,Tompkins,"$5,000 - $9,999",3160,22555933.15,551276.94
2003,Tompkins,"$50,000 - $74,999",7182,435345344.97,13000284.33
2003,Tompkins,"$75,000 - $99,999",3592,312095240.58,8488307.48
2003,Tompkins,"Under $5,000",3046,7774432.45,160320.26
2003,Westchester,"$10,000 - $19,999",35184,561493522.48,19947437.68
2003,Westchester,"$100,000 - $199,999",59249,8688074502.46,254952947.49
2003,Westchester,"$20,000 - $29,999",42760,1064152624.85,44389449.36
2003,Westchester,"$200,000 or more",32540,10502947924.52,174730022.68
2003,Westchester,"$30,000 - $39,999",45579,1597919055.54,66593837.3
2003,Westchester,"$40,000 - $49,999",47113,2310664228.68,94930455.34
2003,Westchester,"$5,000 - $9,999",17218,130222033.3,4800024.63
2003,Westchester,"$50,000 - $74,999",86120,5837187898.58,237117999.94
2003,Westchester,"$75,000 - $99,999",51960,4544641814.52,183691580.83
2003,Westchester,"Under $5,000",14366,37024844.35,1088485.47
2003,Yates,"$10,000 - $19,999",1744,29179978.87,552456.57
2003,Yates,"$100,000 - $199,999",700,100256345.71,1750629.9
2003,Yates,"$20,000 - $29,999",1669,41100668.62,881006.12
2003,Yates,"$200,000 or more",335,96910869.69,1023478.24
2003,Yates,"$30,000 - $39,999",1353,44942677.11,1134042.21
2003,Yates,"$40,000 - $49,999",1053,43886323.27,1240586.55
2003,Yates,"$5,000 - $9,999",950,7355614.0,149322.74
2003,Yates,"$50,000 - $74,999",1613,110062243.13,2299680.55
2003,Yates,"$75,000 - $99,999",833,79627261.83,1684913.45
2003,Yates,"Under $5,000",919,2332209.33,41497.29
2004,Albany,"$10,000 - $19,999",20373,309731678.14,8475719.38
2004,Albany,"$100,000 - $199,999",11743,1672146333.5,36753827.02
2004,Albany,"$20,000 - $29,999",17907,434017226.63,13729094.88
2004,Albany,"$200,000 or more",6555,1743014867.51,27498181.26
2004,Albany,"$30,000 - $39,999",16877,604775082.48,18161240.58
2004,Albany,"$40,000 - $49,999",15058,659775274.49,21968824.12
2004,Albany,"$5,000 - $9,999",9261,69569095.49,2017623.64
2004,Albany,"$50,000 - $74,999",24828,1520138440.82,52824809.81
2004,Albany,"$75,000 - $99,999",14086,1319426328.74,37223416.42
2004,Albany,"Under $5,000",9472,23163973.12,556161.99
2004,Bronx,"$10,000 - $19,999",86235,1280640584.5,27229339.5
2004,Bronx,"$100,000 - $199,999",22915,3309576563.54,49680995.56
2004,Bronx,"$20,000 - $29,999",73559,1937696469.61,41921160.93
2004,Bronx,"$200,000 or more",10988,3330400338.35,27431985.24
2004,Bronx,"$30,000 - $39,999",56435,1972246154.24,39807698.61
2004,Bronx,"$40,000 - $49,999",43893,1880790856.07,44712904.5
2004,Bronx,"$5,000 - $9,999",53538,373965771.35,7643654.0
2004,Bronx,"$50,000 - $74,999",57253,3344969373.89,79339632.87
2004,Bronx,"$75,000 - $99,999",29426,2545334796.04,51392043.03
2004,Bronx,"Under $5,000",55495,148826539.17,2418816.92
2004,Brooklyn,"$10,000 - $19,999",115522,1617276849.85,45001153.48
2004,Brooklyn,"$100,000 - $199,999",63605,8919551259.23,195980699.47
2004,Brooklyn,"$20,000 - $29,999",115722,2769052952.56,82364004.26
2004,Brooklyn,"$200,000 or more",34080,10093701543.51,122561245.37
2004,Brooklyn,"$30,000 - $39,999",106218,3679721238.11,105984194.8
2004,Brooklyn,"$40,000 - $49,999",83294,3614633713.57,116088462.76
2004,Brooklyn,"$5,000 - $9,999",63337,489646747.38,11925388.3
2004,Brooklyn,"$50,000 - $74,999",138137,8186040887.36,247573216.86
2004,Brooklyn,"$75,000 - $99,999",75275,5997980334.86,179493706.77
2004,Brooklyn,"Under $5,000",67958,175831112.67,3645733.45
2004,Broome,"$10,000 - $19,999",14265,211535863.84,5286200.01
2004,Broome,"$100,000 - $199,999",6566,956433114.33,19332303.66
2004,Broome,"$20,000 - $29,999",14027,323830475.67,9445493.29
2004,Broome,"$200,000 or more",3208,1034005291.43,10580843.55
2004,Broome,"$30,000 - $39,999",10718,358392492.36,9868092.4
2004,Broome,"$40,000 - $49,999",9655,439429681.6,12708136.7
2004,Broome,"$5,000 - $9,999",7303,51803483.45,1435143.38
2004,Broome,"$50,000 - $74,999",14133,943531457.01,23339909.15
2004,Broome,"$75,000 - $99,999",7748,780187349.08,17562971.82
2004,Broome,"Under $5,000",7263,17979629.34,378220.02
2004,Cayuga,"$10,000 - $19,999",5955,88285433.42,2286453.53
2004,Cayuga,"$100,000 - $199,999",2596,349978739.92,6778159.97
2004,Cayuga,"$20,000 - $29,999",5057,125239767.57,2819947.57
2004,Cayuga,"$200,000 or more",1146,354576518.57,3335733.53
2004,Cayuga,"$30,000 - $39,999",4347,148950029.62,3679755.19
2004,Cayuga,"$40,000 - $49,999",3547,168461732.56,4582625.75
2004,Cayuga,"$5,000 - $9,999",2894,18916959.5,526343.8
2004,Cayuga,"$50,000 - $74,999",4865,322840781.19,7920461.79
2004,Cayuga,"$75,000 - $99,999",2829,245437581.53,6481861.17
2004,Cayuga,"Under $5,000",3048,7151882.97,155419.04
2004,Chemung,"$10,000 - $19,999",5651,85209865.83,2029553.46
2004,Chemung,"$100,000 - $199,999",2545,413029940.5,6551131.69
2004,Chemung,"$20,000 - $29,999",5222,142107758.05,3153237.35
2004,Chemung,"$200,000 or more",1197,367982111.69,3960319.22
2004,Chemung,"$30,000 - $39,999",4750,155473433.15,4180535.35
2004,Chemung,"$40,000 - $49,999",3584,167609158.16,4654930.93
2004,Chemung,"$5,000 - $9,999",3219,23775102.23,547023.79
2004,Chemung,"$50,000 - $74,999",5896,335218364.42,9982740.79
2004,Chemung,"$75,000 - $99,999",2901,256610136.99,6145041.04
2004,Chemung,"Under $5,000",3357,8294119.23,170552.79
2004,Cortland,"$10,000 - $19,999",3629,58821171.97,1239109.82
2004,Cortland,"$100,000 - $199,999",1339,200680988.35,3709184.31
2004,Cortland,"$20,000 - $29,999",3066,74998124.08,1780170.25
2004,Cortland,"$200,000 or more",682,224115067.6,1971205.87
2004,Cortland,"$30,000 - $39,999",2661,93606225.5,2622850.31
2004,Cortland,"$40,000 - $49,999",2033,96821055.69,2816769.47
2004,Cortland,"$5,000 - $9,999",1972,14583847.88,382345.73
2004,Cortland,"$50,000 - $74,999",3327,231037905.57,5476865.96
2004,Cortland,"$75,000 - $99,999",1726,146731291.1,3633767.5
2004,Cortland,"Under $5,000",1968,4482804.46,96814.26
2004,Dutchess,"$10,000 - $19,999",18275,274873190.55,8331216.72
2004,Dutchess,"$100,000 - $199,999",12957,2063989347.93,38295675.99
2004,Dutchess,"$20,000 - $29,999",17003,435220284.21,13533460.09
2004,Dutchess,"$200,000 or more",6234,2053504410.98,24240430.02
2004,Dutchess,"$30,000 - $39,999",16748,583334264.29,19634286.2
2004,Dutchess,"$40,000 - $49,999",14268,672789678.08,24008445.41
2004,Dutchess,"$5,000 - $9,999",8795,66663788.16,1921257.59
2004,Dutchess,"$50,000 - $74,999",23912,1304257596.21,49697623.64
2004,Dutchess,"$75,000 - $99,999",13804,1219378860.52,35778223.83
2004,Dutchess,"Under $5,000",8291,20162736.1,470840.17
2004,Erie,"$10,000 - $19,999",63145,897670508.33,26097600.89
2004,Erie,"$100,000 - $199,999",31472,4528605180.75,98043341.19
2004,Erie,"$20,000 - $29,999",55419,1260225595.06,46586302.54
2004,Erie,"$200,000 or more",15219,4657096885.41,58785051.12
2004,Erie,"$30,000 - $39,999",48466,1706260809.87,49482780.42
2004,Erie,"$40,000 - $49,999",43949,1767905832.17,61769236.29
2004,Erie,"$5,000 - $9,999",32014,232107528.77,6845279.58
2004,Erie,"$50,000 - $74,999",65117,3809458798.05,131948079.77
2004,Erie,"$75,000 - $99,999",36485,3107830958.59,98932650.48
2004,Erie,"Under $5,000",30391,69287178.38,1679997.31
2004,"Grand Total, Full-Year Resident",All Classes,6550635,413620125554.88,12449429576.14
2004,Hamilton,"$10,000 - $19,999",361,5412167.4,109994.79
2004,Hamilton,"$100,000 - $199,999",178,28550017.66,416089.39
2004,Hamilton,"$20,000 - $29,999",327,8468836.68,187631.67
2004,Hamilton,"$200,000 or more",90,26218475.07,236464.01
2004,Hamilton,"$30,000 - $39,999",296,10633115.92,253313.79
2004,Hamilton,"$40,000 - $49,999",233,10181117.68,236219.3
2004,Hamilton,"$5,000 - $9,999",185,1533192.15,26614.28
2004,Hamilton,"$50,000 - $74,999",380,25041654.47,512011.34
2004,Hamilton,"$75,000 - $99,999",208,17442967.41,353832.03
2004,Hamilton,"Under $5,000",193,488316.93,8297.42
2004,Madison,"$10,000 - $19,999",4561,69114755.61,1767435.63
2004,Madison,"$100,000 - $199,999",2138,314896946.07,5955591.17
2004,Madison,"$20,000 - $29,999",4339,105756523.32,2614671.58
2004,Madison,"$200,000 or more",1113,351149805.07,3708705.07
2004,Madison,"$30,000 - $39,999",3871,152436927.34,3843435.28
2004,Madison,"$40,000 - $49,999",3078,140137728.27,3997687.93
2004,Madison,"$5,000 - $9,999",2452,18262397.66,455132.71
2004,Madison,"$50,000 - $74,999",4733,294899670.39,7584837.59
2004,Madison,"$75,000 - $99,999",2734,253901674.52,5713718.21
2004,Madison,"Under $5,000",2570,6093938.63,124932.96
2004,Manhattan,"$10,000 - $19,999",41822,632172690.95,36435956.04
2004,Manhattan,"$100,000 - $199,999",113873,18093898052.39,770355955.84
2004,Manhattan,"$20,000 - $29,999",47873,1295690403.84,76175184.04
2004,Manhattan,"$200,000 or more",74509,21875015529.35,638181066.42
2004,Manhattan,"$30,000 - $39,999",57254,1900249011.1,127284709.41
2004,Manhattan,"$40,000 - $49,999",67532,3037692014.69,187479413.1
2004,Manhattan,"$5,000 - $9,999",16885,133102161.64,7105114.68
2004,Manhattan,"$50,000 - $74,999",128545,8309075869.11,558225461.54
2004,Manhattan,"$75,000 - $99,999",100032,8669863626.63,507795957.46
2004,Manhattan,"Under $5,000",12828,32096889.87,1662990.33
2004,Monroe,"$10,000 - $19,999",47480,718118461.75,19565600.32
2004,Monroe,"$100,000 - $199,999",26784,3884491646.8,85135461.05
2004,Monroe,"$20,000 - $29,999",44634,1160160006.43,31356070.95
2004,Monroe,"$200,000 or more",13848,4100483091.63,52256251.08
2004,Monroe,"$30,000 - $39,999",45323,1660157516.23,49891297.09
2004,Monroe,"$40,000 - $49,999",34447,1572276268.34,52061070.9
2004,Monroe,"$5,000 - $9,999",24562,181353081.35,5083078.77
2004,Monroe,"$50,000 - $74,999",55646,3581149547.98,105449629.44
2004,Monroe,"$75,000 - $99,999",31921,2802058862.22,74995648.96
2004,Monroe,"Under $5,000",22872,52767282.34,1283096.08
2004,NYS Unclassified +,All Classes,1253,31396879.52,923401.11
2004,Nassau,"$10,000 - $19,999",58384,894361617.37,38062804.28
2004,Nassau,"$100,000 - $199,999",80337,12007746132.85,390392616.26
2004,Nassau,"$20,000 - $29,999",64910,1667668765.65,72052044.62
2004,Nassau,"$200,000 or more",42452,11589657911.06,247173247.37
2004,Nassau,"$30,000 - $39,999",66432,2455413675.15,106639709.63
2004,Nassau,"$40,000 - $49,999",63163,2712334854.05,149742052.89
2004,Nassau,"$5,000 - $9,999",24856,174305106.11,7990668.98
2004,Nassau,"$50,000 - $74,999",117952,7045347619.39,364560353.38
2004,Nassau,"$75,000 - $99,999",73305,6563390717.49,281314080.89
2004,Nassau,"Under $5,000",21856,53452480.25,1899917.64
2004,Onondaga,"$10,000 - $19,999",31410,554866653.42,12641917.34
2004,Onondaga,"$100,000 - $199,999",18371,2665081437.4,56623768.97
2004,Onondaga,"$20,000 - $29,999",31069,731767079.58,20278929.31
2004,Onondaga,"$200,000 or more",8662,2718876556.81,29048659.53
2004,Onondaga,"$30,000 - $39,999",27853,941826880.83,27183780.14
2004,Onondaga,"$40,000 - $49,999",21731,998587912.67,31740526.09
2004,Onondaga,"$5,000 - $9,999",14194,109382195.81,2718854.96
2004,Onondaga,"$50,000 - $74,999",35142,2240434850.57,67168683.27
2004,Onondaga,"$75,000 - $99,999",20475,1975052723.28,47979112.02
2004,Onondaga,"Under $5,000",14880,40344595.04,807689.75
2004,Orange,"$10,000 - $19,999",20254,309310331.76,8111719.32
2004,Orange,"$100,000 - $199,999",12536,1917697881.29,40823615.75
2004,Orange,"$20,000 - $29,999",19923,456320254.28,15274713.11
2004,Orange,"$200,000 or more",6649,2008221326.77,29224224.98
2004,Orange,"$30,000 - $39,999",19361,640655439.4,20766829.9
2004,Orange,"$40,000 - $49,999",15681,622389333.43,25281258.46
2004,Orange,"$5,000 - $9,999",10422,78699196.21,2158798.72
2004,Orange,"$50,000 - $74,999",24515,1670612202.53,48526563.69
2004,Orange,"$75,000 - $99,999",13709,1294734127.72,34111879.48
2004,Orange,"Under $5,000",10347,26854646.34,651726.77
2004,Queens,"$10,000 - $19,999",97296,1674863486.37,43928273.41
2004,Queens,"$100,000 - $199,999",64978,10099912644.47,208832319.89
2004,Queens,"$20,000 - $29,999",99323,2560504956.5,75928460.63
2004,Queens,"$200,000 or more",33292,10192842072.03,136031637.32
2004,Queens,"$30,000 - $39,999",88143,3264478964.51,100214860.19
2004,Queens,"$40,000 - $49,999",76106,3372589049.11,121490844.12
2004,Queens,"$5,000 - $9,999",48320,370820772.11,10673153.42
2004,Queens,"$50,000 - $74,999",126475,7521836467.44,281219737.87
2004,Queens,"$75,000 - $99,999",68943,5938447402.53,171895329.12
2004,Queens,"Under $5,000",46365,118733547.92,2687004.98
2004,Residence Unknown ++,All Classes,686,14810415.34,535366.34
2004,Rockland,"$10,000 - $19,999",13521,206607534.9,7670836.31
2004,Rockland,"$100,000 - $199,999",14319,2158648097.62,53958862.35
2004,Rockland,"$20,000 - $29,999",13939,330382083.35,12428079.72
2004,Rockland,"$200,000 or more",7694,2195535034.35,39177987.64
2004,Rockland,"$30,000 - $39,999",14623,523667925.67,18761959.52
2004,Rockland,"$40,000 - $49,999",13365,621917454.49,23275168.76
2004,Rockland,"$5,000 - $9,999",6274,50339485.09,1715184.36
2004,Rockland,"$50,000 - $74,999",22902,1392713972.17,58444334.06
2004,Rockland,"$75,000 - $99,999",14618,1190094255.84,47984107.76
2004,Rockland,"Under $5,000",5909,14885361.07,440381.65
2004,Schuyler,"$10,000 - $19,999",1504,23198540.23,555732.26
2004,Schuyler,"$100,000 - $199,999",562,80431326.06,1599908.64
2004,Schuyler,"$20,000 - $29,999",1265,31865496.04,736549.73
2004,Schuyler,"$200,000 or more",260,73842846.74,784100.47
2004,Schuyler,"$30,000 - $39,999",1122,39814632.65,1146471.49
2004,Schuyler,"$40,000 - $49,999",869,41774906.5,1136088.98
2004,Schuyler,"$5,000 - $9,999",820,6014335.09,139434.0
2004,Schuyler,"$50,000 - $74,999",1264,80523633.98,2227073.83
2004,Schuyler,"$75,000 - $99,999",692,63017667.05,1511556.73
2004,Schuyler,"Under $5,000",809,1779437.85,37085.02
2004,Seneca,"$10,000 - $19,999",2526,37273541.95,868513.51
2004,Seneca,"$100,000 - $199,999",984,149556937.81,2358073.38
2004,Seneca,"$20,000 - $29,999",2117,52706087.74,1270559.77
2004,Seneca,"$200,000 or more",482,145189632.97,1494663.76
2004,Seneca,"$30,000 - $39,999",1862,63527720.06,1742505.52
2004,Seneca,"$40,000 - $49,999",1419,68765465.75,1748492.02
2004,Seneca,"$5,000 - $9,999",1365,9534587.88,223449.69
2004,Seneca,"$50,000 - $74,999",2300,147240548.18,3781319.64
2004,Seneca,"$75,000 - $99,999",1164,109088544.64,2314571.05
2004,Seneca,"Under $5,000",1306,3293075.08,61539.82
2004,Staten Island,"$10,000 - $19,999",23399,357847633.24,11085303.93
2004,Staten Island,"$100,000 - $199,999",15799,2407888765.48,54690116.18
2004,Staten Island,"$20,000 - $29,999",23509,578283828.08,17704365.43
2004,Staten Island,"$200,000 or more",8131,2298869778.23,31807096.74
2004,Staten Island,"$30,000 - $39,999",20826,764602937.66,22482775.66
2004,Staten Island,"$40,000 - $49,999",17993,838622296.79,29770227.1
2004,Staten Island,"$5,000 - $9,999",10800,90824056.09,2259575.06
2004,Staten Island,"$50,000 - $74,999",30008,2002551681.33,59823189.66
2004,Staten Island,"$75,000 - $99,999",17970,1521154864.64,50362558.98
2004,Staten Island,"Under $5,000",10397,24116121.49,600975.75
2004,Suffolk,"$10,000 - $19,999",83489,1158144405.88,41101265.82
2004,Suffolk,"$100,000 - $199,999",64672,9299119484.58,223534735.3
2004,Suffolk,"$20,000 - $29,999",78349,2020517424.47,59249321.5
2004,Suffolk,"$200,000 or more",33245,10498714903.77,141147441.48
2004,Suffolk,"$30,000 - $39,999",78087,2891155272.43,90704135.74
2004,Suffolk,"$40,000 - $49,999",69916,3133254244.5,120225400.97
2004,Suffolk,"$5,000 - $9,999",38264,282091778.09,10055180.94
2004,Suffolk,"$50,000 - $74,999",118972,7587949931.21,281472034.48
2004,Suffolk,"$75,000 - $99,999",71645,6121960088.09,189715292.77
2004,Suffolk,"Under $5,000",37385,97591383.81,2701912.04
2004,Tioga,"$10,000 - $19,999",3698,55064570.33,1462160.9
2004,Tioga,"$100,000 - $199,999",1505,235606218.71,4364374.48
2004,Tioga,"$20,000 - $29,999",3235,83394639.16,2071269.71
2004,Tioga,"$200,000 or more",733,196971699.12,2416300.97
2004,Tioga,"$30,000 - $39,999",2461,80567498.88,2249322.47
2004,Tioga,"$40,000 - $49,999",2248,103713803.38,2836847.19
2004,Tioga,"$5,000 - $9,999",1873,12897584.67,355898.17
2004,Tioga,"$50,000 - $74,999",3217,201959345.59,5922971.93
2004,Tioga,"$75,000 - $99,999",1693,143445205.03,3491704.32
2004,Tioga,"Under $5,000",1990,4951218.19,96573.79
2004,Tompkins,"$10,000 - $19,999",5833,85527030.73,2751528.35
2004,Tompkins,"$100,000 - $199,999",3263,486555217.86,9919661.82
2004,Tompkins,"$20,000 - $29,999",5616,132054564.34,3836573.5
2004,Tompkins,"$200,000 or more",1569,477475216.23,5799391.41
2004,Tompkins,"$30,000 - $39,999",5215,171227018.78,5784322.61
2004,Tompkins,"$40,000 - $49,999",4621,209747204.51,6522979.73
2004,Tompkins,"$5,000 - $9,999",3027,23214536.61,596709.5
2004,Tompkins,"$50,000 - $74,999",6847,463094769.88,13981387.59
2004,Tompkins,"$75,000 - $99,999",3940,347518915.76,9955473.65
2004,Tompkins,"Under $5,000",3171,7672161.15,177371.41
2004,Westchester,"$10,000 - $19,999",38910,588447434.09,23408934.4
2004,Westchester,"$100,000 - $199,999",55907,8160892364.86,280492786.85
2004,Westchester,"$20,000 - $29,999",43264,1028659970.94,45998950.44
2004,Westchester,"$200,000 or more",34321,10169610961.02,196654994.47
2004,Westchester,"$30,000 - $39,999",45933,1473775144.26,70544724.54
2004,Westchester,"$40,000 - $49,999",43518,1874709850.3,86897665.29
2004,Westchester,"$5,000 - $9,999",17108,129918552.64,5279771.26
2004,Westchester,"$50,000 - $74,999",83843,5227700096.36,243081678.81
2004,Westchester,"$75,000 - $99,999",55317,4356577734.48,198652766.07
2004,Westchester,"Under $5,000",14953,38735643.17,1346529.23
2004,Yates,"$10,000 - $19,999",1740,26181733.81,565446.04
2004,Yates,"$100,000 - $199,999",727,109395527.32,1745586.77
2004,Yates,"$20,000 - $29,999",1475,36335175.89,887700.27
2004,Yates,"$200,000 or more",315,90757073.26,1008762.96
2004,Yates,"$30,000 - $39,999",1507,51543070.76,1351098.35
2004,Yates,"$40,000 - $49,999",1093,44156668.37,1364755.99
2004,Yates,"$5,000 - $9,999",1025,7176641.79,180799.31
2004,Yates,"$50,000 - $74,999",1651,106770972.58,2687152.96
2004,Yates,"$75,000 - $99,999",848,69763545.19,1716594.6
2004,Yates,"Under $5,000",1027,2529259.23,49618.72
2005,Albany,"$10,000 - $19,999",19203,313096390.03,9623810.91
2005,Albany,"$100,000 - $199,999",12961,2065662101.72,42700305.19
2005,Albany,"$20,000 - $29,999",17131,405280118.13,13116290.39
2005,Albany,"$200,000 or more",6605,1949678619.41,25584695.81
2005,Albany,"$30,000 - $39,999",17237,621272165.72,19225118.23
2005,Albany,"$40,000 - $49,999",14686,671508827.61,22965635.45
2005,Albany,"$5,000 - $9,999",10580,78661969.93,2388409.43
2005,Albany,"$50,000 - $74,999",24093,1441782589.29,51643270.33
2005,Albany,"$75,000 - $99,999",13341,1177737612.15,32341157.33
2005,Albany,"Under $5,000",9976,27354038.85,579551.57
2005,Bronx,"$10,000 - $19,999",89435,1406867054.59,26597129.25
2005,Bronx,"$100,000 - $199,999",22748,3291488330.88,53862958.43
2005,Bronx,"$20,000 - $29,999",72932,1888847875.26,38117906.05
2005,Bronx,"$200,000 or more",9999,2971173442.23,27752126.92
2005,Bronx,"$30,000 - $39,999",61972,2146876175.66,47861878.95
2005,Bronx,"$40,000 - $49,999",41945,1883627771.35,47434011.69
2005,Bronx,"$5,000 - $9,999",52516,432059619.72,6996878.08
2005,Bronx,"$50,000 - $74,999",58089,3569750582.06,90037335.74
2005,Bronx,"$75,000 - $99,999",28815,2600860052.66,53500610.32
2005,Bronx,"Under $5,000",54893,149481334.25,2229297.39
2005,Brooklyn,"$10,000 - $19,999",127716,1778975199.57,53383373.99
2005,Brooklyn,"$100,000 - $199,999",64236,8389661342.48,193795673.34
2005,Brooklyn,"$20,000 - $29,999",114869,2743838266.26,85256560.71
2005,Brooklyn,"$200,000 or more",33464,10160863873.31,126907144.26
2005,Brooklyn,"$30,000 - $39,999",111422,4486804257.46,113368099.4
2005,Brooklyn,"$40,000 - $49,999",87314,3875842905.42,132007359.36
2005,Brooklyn,"$5,000 - $9,999",62376,505445349.34,12973180.53
2005,Brooklyn,"$50,000 - $74,999",142942,8127883364.1,293284381.12
2005,Brooklyn,"$75,000 - $99,999",77941,6624057763.8,206803983.5
2005,Brooklyn,"Under $5,000",64944,163861808.35,3666321.62
2005,Broome,"$10,000 - $19,999",14456,223425294.8,6132519.11
2005,Broome,"$100,000 - $199,999",6710,1074287036.28,20749739.52
2005,Broome,"$20,000 - $29,999",12757,327320231.88,8808133.14
2005,Broome,"$200,000 or more",3118,975534234.18,11812877.68
2005,Broome,"$30,000 - $39,999",11380,377035220.61,11260378.67
2005,Broome,"$40,000 - $49,999",8959,417530360.43,13522941.77
2005,Broome,"$5,000 - $9,999",7321,56619582.73,1439195.77
2005,Broome,"$50,000 - $74,999",13290,776182544.99,26946589.59
2005,Broome,"$75,000 - $99,999",7168,602769878.55,17506926.65
2005,Broome,"Under $5,000",7711,20398137.11,422354.94
2005,Cayuga,"$10,000 - $19,999",5900,85962958.17,2306977.86
2005,Cayuga,"$100,000 - $199,999",2320,362367375.02,6657653.88
2005,Cayuga,"$20,000 - $29,999",4785,117458886.48,3087013.47
2005,Cayuga,"$200,000 or more",1217,362447909.4,4188964.54
2005,Cayuga,"$30,000 - $39,999",4772,155916075.71,4950964.49
2005,Cayuga,"$40,000 - $49,999",3361,146566973.81,4469197.19
2005,Cayuga,"$5,000 - $9,999",3018,21829892.69,586191.68
2005,Cayuga,"$50,000 - $74,999",5479,330186826.45,8900968.63
2005,Cayuga,"$75,000 - $99,999",2660,241904151.41,5770709.48
2005,Cayuga,"Under $5,000",3203,7404039.21,169090.54
2005,Chemung,"$10,000 - $19,999",6145,94197103.74,2220964.99
2005,Chemung,"$100,000 - $199,999",2522,401467561.7,6339077.69
2005,Chemung,"$20,000 - $29,999",5369,135925945.23,3378554.46
2005,Chemung,"$200,000 or more",1174,363392302.79,4091842.74
2005,Chemung,"$30,000 - $39,999",4616,150601460.52,4154233.98
2005,Chemung,"$40,000 - $49,999",3734,177731937.77,4737291.38
2005,Chemung,"$5,000 - $9,999",3153,22873145.01,557944.03
2005,Chemung,"$50,000 - $74,999",5798,360672324.75,9665482.82
2005,Chemung,"$75,000 - $99,999",2986,247157784.85,6206333.92
2005,Chemung,"Under $5,000",3412,8339404.51,172053.94
2005,Cortland,"$10,000 - $19,999",3470,53477517.77,1257786.61
2005,Cortland,"$100,000 - $199,999",1543,211081569.56,4408166.51
2005,Cortland,"$20,000 - $29,999",3189,76493364.68,2113403.34
2005,Cortland,"$200,000 or more",698,190264731.31,2416571.84
2005,Cortland,"$30,000 - $39,999",2747,94191577.73,2731204.02
2005,Cortland,"$40,000 - $49,999",2105,95150285.6,3177013.38
2005,Cortland,"$5,000 - $9,999",1990,14627151.97,375549.88
2005,Cortland,"$50,000 - $74,999",3184,209160470.54,5464371.26
2005,Cortland,"$75,000 - $99,999",1782,151281931.44,3873291.86
2005,Cortland,"Under $5,000",1899,4622167.75,100370.28
2005,Dutchess,"$10,000 - $19,999",17941,279229054.0,8434390.6
2005,Dutchess,"$100,000 - $199,999",11735,1730813439.12,38278345.51
2005,Dutchess,"$20,000 - $29,999",17071,442171324.09,14211119.52
2005,Dutchess,"$200,000 or more",6463,2062893723.78,28055426.0
2005,Dutchess,"$30,000 - $39,999",16601,650282164.88,20937347.46
2005,Dutchess,"$40,000 - $49,999",13970,559394461.48,22233817.85
2005,Dutchess,"$5,000 - $9,999",9240,75144028.08,2115420.15
2005,Dutchess,"$50,000 - $74,999",22349,1364756563.93,46576519.95
2005,Dutchess,"$75,000 - $99,999",13107,1196564513.56,38858531.34
2005,Dutchess,"Under $5,000",8622,23370002.79,577496.79
2005,Erie,"$10,000 - $19,999",62237,982461339.4,28460555.9
2005,Erie,"$100,000 - $199,999",31721,4481254730.24,100847678.68
2005,Erie,"$20,000 - $29,999",58032,1412357478.75,43290526.83
2005,Erie,"$200,000 or more",15721,4846314136.11,65683387.48
2005,Erie,"$30,000 - $39,999",50594,1734953861.39,56400446.76
2005,Erie,"$40,000 - $49,999",42196,1902733700.09,63544511.21
2005,Erie,"$5,000 - $9,999",31654,221283019.21,7159057.77
2005,Erie,"$50,000 - $74,999",67307,4454010748.38,149248494.44
2005,Erie,"$75,000 - $99,999",36881,3230322224.65,99423674.37
2005,Erie,"Under $5,000",31272,76019616.58,1909064.43
2005,"Grand Total, Full-Year Resident",All Classes,6610976,418097365487.31,13174194963.45
2005,Hamilton,"$10,000 - $19,999",356,5320312.35,125749.4
2005,Hamilton,"$100,000 - $199,999",187,26497023.9,447563.49
2005,Hamilton,"$20,000 - $29,999",330,8143228.49,174315.63
2005,Hamilton,"$200,000 or more",87,26562900.49,265671.28
2005,Hamilton,"$30,000 - $39,999",274,8986375.27,217389.07
2005,Hamilton,"$40,000 - $49,999",244,11369159.07,263345.39
2005,Hamilton,"$5,000 - $9,999",181,1530356.34,28275.38
2005,Hamilton,"$50,000 - $74,999",377,23702562.8,527601.81
2005,Hamilton,"$75,000 - $99,999",218,19706369.19,424282.88
2005,Hamilton,"Under $5,000",190,500388.73,8428.82
2005,Madison,"$10,000 - $19,999",5001,73863759.87,1843761.1
2005,Madison,"$100,000 - $199,999",2183,278153198.75,6914932.6
2005,Madison,"$20,000 - $29,999",4574,125140535.14,3022056.31
2005,Madison,"$200,000 or more",1102,323360991.31,3591578.48
2005,Madison,"$30,000 - $39,999",3708,126786717.1,3333529.01
2005,Madison,"$40,000 - $49,999",2966,131574714.37,4003804.52
2005,Madison,"$5,000 - $9,999",2441,17449144.56,419590.18
2005,Madison,"$50,000 - $74,999",4853,289350039.29,8185401.68
2005,Madison,"$75,000 - $99,999",2510,232579247.26,6265110.65
2005,Madison,"Under $5,000",2411,6105379.48,127780.45
2005,Manhattan,"$10,000 - $19,999",42873,714943092.7,41157307.71
2005,Manhattan,"$100,000 - $199,999",115490,17121925883.59,750324729.45
2005,Manhattan,"$20,000 - $29,999",52114,1197128938.57,81638125.51
2005,Manhattan,"$200,000 or more",73295,23147801478.38,638973480.96
2005,Manhattan,"$30,000 - $39,999",63908,2193752373.99,162637144.3
2005,Manhattan,"$40,000 - $49,999",62705,2718920885.2,222415000.93
2005,Manhattan,"$5,000 - $9,999",17818,142219527.98,7387262.78
2005,Manhattan,"$50,000 - $74,999",129274,8149616084.8,592642707.38
2005,Manhattan,"$75,000 - $99,999",104353,9137008093.44,602888534.17
2005,Manhattan,"Under $5,000",13731,35424960.82,1843005.11
2005,Monroe,"$10,000 - $19,999",42737,668073905.46,19912318.86
2005,Monroe,"$100,000 - $199,999",26918,3837019899.7,85554912.91
2005,Monroe,"$20,000 - $29,999",42578,1022419958.33,31822312.71
2005,Monroe,"$200,000 or more",13310,4026201741.37,47546591.49
2005,Monroe,"$30,000 - $39,999",40459,1391836439.72,40376903.32
2005,Monroe,"$40,000 - $49,999",33626,1321828366.12,49562872.31
2005,Monroe,"$5,000 - $9,999",22763,174348395.93,4881247.43
2005,Monroe,"$50,000 - $74,999",54463,3299793040.19,108568934.34
2005,Monroe,"$75,000 - $99,999",31893,2718415896.63,80532000.91
2005,Monroe,"Under $5,000",22566,56598485.96,1314464.83
2005,NYS Unclassified +,All Classes,882,27505799.46,842952.63
2005,Nassau,"$10,000 - $19,999",56941,844743508.87,38315288.0
2005,Nassau,"$100,000 - $199,999",85393,12745789599.0,441112132.68
2005,Nassau,"$20,000 - $29,999",66848,1696551378.22,79752811.57
2005,Nassau,"$200,000 or more",44960,13762798805.52,268540510.18
2005,Nassau,"$30,000 - $39,999",72525,2666241820.05,115831100.42
2005,Nassau,"$40,000 - $49,999",61721,2435797226.79,146101313.92
2005,Nassau,"$5,000 - $9,999",23806,171984299.23,8500368.6
2005,Nassau,"$50,000 - $74,999",118003,7074758204.61,342214984.53
2005,Nassau,"$75,000 - $99,999",77701,6853136658.34,295350234.68
2005,Nassau,"Under $5,000",22565,55519564.83,2090966.73
2005,Onondaga,"$10,000 - $19,999",29642,455484545.51,11664642.7
2005,Onondaga,"$100,000 - $199,999",17547,2838625166.23,50948669.79
2005,Onondaga,"$20,000 - $29,999",30260,690127955.47,20284401.85
2005,Onondaga,"$200,000 or more",9030,2659416655.27,35190846.51
2005,Onondaga,"$30,000 - $39,999",27734,933070197.35,29167393.22
2005,Onondaga,"$40,000 - $49,999",22537,1065153855.26,32501138.48
2005,Onondaga,"$5,000 - $9,999",15842,116267818.76,3034967.7
2005,Onondaga,"$50,000 - $74,999",35493,2033738398.9,68377130.21
2005,Onondaga,"$75,000 - $99,999",19982,1848905962.5,49658261.09
2005,Onondaga,"Under $5,000",16135,39801158.35,927599.73
2005,Orange,"$10,000 - $19,999",22825,338782934.56,10269391.21
2005,Orange,"$100,000 - $199,999",12077,1777340528.69,45241535.2
2005,Orange,"$20,000 - $29,999",20049,459931836.75,14611231.64
2005,Orange,"$200,000 or more",6311,1951402526.17,23859086.33
2005,Orange,"$30,000 - $39,999",18194,646238139.65,21123257.63
2005,Orange,"$40,000 - $49,999",14613,597831442.08,22747629.66
2005,Orange,"$5,000 - $9,999",10417,74219511.96,2221003.42
2005,Orange,"$50,000 - $74,999",26797,1688405791.2,57828751.21
2005,Orange,"$75,000 - $99,999",14379,1175965763.08,36757641.25
2005,Orange,"Under $5,000",9770,23346351.01,564893.43
2005,Queens,"$10,000 - $19,999",98514,1520157558.37,48322049.47
2005,Queens,"$100,000 - $199,999",63218,9245246279.42,222960258.98
2005,Queens,"$20,000 - $29,999",94163,2391396773.03,79868271.73
2005,Queens,"$200,000 or more",33764,10133438565.65,144481731.28
2005,Queens,"$30,000 - $39,999",92051,3004426039.76,119193900.2
2005,Queens,"$40,000 - $49,999",78716,3635374461.25,131421070.82
2005,Queens,"$5,000 - $9,999",48533,353265345.93,12670661.97
2005,Queens,"$50,000 - $74,999",119480,6957948051.0,274029377.52
2005,Queens,"$75,000 - $99,999",73679,6652587824.03,212825857.19
2005,Queens,"Under $5,000",48705,128724331.93,3344356.56
2005,Residence Unknown ++,All Classes,495,11741778.13,316803.69
2005,Rockland,"$10,000 - $19,999",14981,227832697.7,8765108.4
2005,Rockland,"$100,000 - $199,999",13500,2043976353.12,54471467.86
2005,Rockland,"$20,000 - $29,999",13051,339422186.24,13224045.41
2005,Rockland,"$200,000 or more",7304,2027803316.42,35177701.63
2005,Rockland,"$30,000 - $39,999",14429,496846249.41,21062961.11
2005,Rockland,"$40,000 - $49,999",13858,595432755.35,27006079.06
2005,Rockland,"$5,000 - $9,999",6286,48448027.1,1670731.0
2005,Rockland,"$50,000 - $74,999",22113,1447038816.88,62950939.33
2005,Rockland,"$75,000 - $99,999",14015,1192842689.71,49982766.74
2005,Rockland,"Under $5,000",6106,14555463.27,503357.56
2005,Schuyler,"$10,000 - $19,999",1446,19810694.27,578018.84
2005,Schuyler,"$100,000 - $199,999",573,82552001.77,1723527.26
2005,Schuyler,"$20,000 - $29,999",1260,31925513.78,803777.82
2005,Schuyler,"$200,000 or more",264,81415258.99,909853.68
2005,Schuyler,"$30,000 - $39,999",1090,39558949.86,1071861.2
2005,Schuyler,"$40,000 - $49,999",850,39366331.75,1188842.6
2005,Schuyler,"$5,000 - $9,999",794,5810918.18,153190.81
2005,Schuyler,"$50,000 - $74,999",1247,79600196.11,2343090.49
2005,Schuyler,"$75,000 - $99,999",652,56064270.94,1496114.67
2005,Schuyler,"Under $5,000",899,2338385.76,51879.47
2005,Seneca,"$10,000 - $19,999",2448,36805706.75,874996.55
2005,Seneca,"$100,000 - $199,999",981,142628938.46,2595697.22
2005,Seneca,"$20,000 - $29,999",2035,54439318.92,1320091.94
2005,Seneca,"$200,000 or more",484,130614460.83,1450209.85
2005,Seneca,"$30,000 - $39,999",1838,66493221.17,1551934.57
2005,Seneca,"$40,000 - $49,999",1462,62971762.68,1874858.62
2005,Seneca,"$5,000 - $9,999",1293,9657178.15,197715.79
2005,Seneca,"$50,000 - $74,999",2279,137901465.33,4151892.96
2005,Seneca,"$75,000 - $99,999",1216,109065884.23,2505422.03
2005,Seneca,"Under $5,000",1316,3568870.37,66100.38
2005,Staten Island,"$10,000 - $19,999",23767,393418040.68,11018981.43
2005,Staten Island,"$100,000 - $199,999",15824,2332895519.98,57121634.63
2005,Staten Island,"$20,000 - $29,999",22380,540292855.72,17611756.44
2005,Staten Island,"$200,000 or more",8532,2472786743.47,33418650.77
2005,Staten Island,"$30,000 - $39,999",21221,775516469.49,25612470.85
2005,Staten Island,"$40,000 - $49,999",17797,781876870.2,27865676.14
2005,Staten Island,"$5,000 - $9,999",11381,85347507.83,2746051.57
2005,Staten Island,"$50,000 - $74,999",31389,1967238443.15,77451062.96
2005,Staten Island,"$75,000 - $99,999",18730,1741495493.8,55793391.27
2005,Staten Island,"Under $5,000",11341,25881325.02,802665.38
2005,Suffolk,"$10,000 - $19,999",87748,1358533689.75,45473992.81
2005,Suffolk,"$100,000 - $199,999",66492,10088886570.85,241040044.54
2005,Suffolk,"$20,000 - $29,999",77974,1986589462.78,66009430.36
2005,Suffolk,"$200,000 or more",34125,10480687391.46,144960670.21
2005,Suffolk,"$30,000 - $39,999",77848,2712723298.42,98813976.04
2005,Suffolk,"$40,000 - $49,999",70749,2989151077.04,123810889.16
2005,Suffolk,"$5,000 - $9,999",39747,318794438.56,9555830.71
2005,Suffolk,"$50,000 - $74,999",116577,7207734355.3,262490377.51
2005,Suffolk,"$75,000 - $99,999",73361,6451714925.01,204590733.5
2005,Suffolk,"Under $5,000",37342,101585474.91,2564702.7
2005,Tioga,"$10,000 - $19,999",3857,54493812.47,1409242.01
2005,Tioga,"$100,000 - $199,999",1496,221791144.41,4402665.76
2005,Tioga,"$20,000 - $29,999",3268,90244439.2,2004011.07
2005,Tioga,"$200,000 or more",758,240271661.95,2566508.03
2005,Tioga,"$30,000 - $39,999",2792,97250211.35,2844691.49
2005,Tioga,"$40,000 - $49,999",2185,101545200.32,2964402.46
2005,Tioga,"$5,000 - $9,999",2041,15003642.13,383234.03
2005,Tioga,"$50,000 - $74,999",3371,205107152.22,6325374.02
2005,Tioga,"$75,000 - $99,999",1867,154992273.43,4151733.03
2005,Tioga,"Under $5,000",2038,4911770.48,122641.09
2005,Tompkins,"$10,000 - $19,999",6191,93286562.33,2745232.94
2005,Tompkins,"$100,000 - $199,999",3180,456509208.84,10381816.84
2005,Tompkins,"$20,000 - $29,999",6040,155940851.22,4929475.68
2005,Tompkins,"$200,000 or more",1774,523382830.88,6945850.7
2005,Tompkins,"$30,000 - $39,999",5365,169480153.68,5754366.09
2005,Tompkins,"$40,000 - $49,999",4620,207394188.52,6953547.43
2005,Tompkins,"$5,000 - $9,999",3211,25838342.41,693293.35
2005,Tompkins,"$50,000 - $74,999",6923,414823963.09,14851195.43
2005,Tompkins,"$75,000 - $99,999",3639,299587658.93,9425322.88
2005,Tompkins,"Under $5,000",3392,8624346.37,231316.02
2005,Westchester,"$10,000 - $19,999",39009,673068351.33,24850037.64
2005,Westchester,"$100,000 - $199,999",55219,8018895786.5,274560704.94
2005,Westchester,"$20,000 - $29,999",45894,1191678417.83,51718047.45
2005,Westchester,"$200,000 or more",32206,9855988048.2,211578327.38
2005,Westchester,"$30,000 - $39,999",47363,1671276366.91,80401243.43
2005,Westchester,"$40,000 - $49,999",43845,2071462568.66,93083049.41
2005,Westchester,"$5,000 - $9,999",16507,133104462.88,5242297.3
2005,Westchester,"$50,000 - $74,999",83461,5072475247.54,257567027.11
2005,Westchester,"$75,000 - $99,999",54853,4825549962.71,225281387.06
2005,Westchester,"Under $5,000",14406,38339894.75,1411242.56
2005,Yates,"$10,000 - $19,999",1892,27434917.95,746337.42
2005,Yates,"$100,000 - $199,999",715,109039864.43,1797438.07
2005,Yates,"$20,000 - $29,999",1688,41027510.86,1170880.55
2005,Yates,"$200,000 or more",355,113853680.55,1257735.64
2005,Yates,"$30,000 - $39,999",1416,49260949.84,1375937.21
2005,Yates,"$40,000 - $49,999",1110,53688964.1,1571317.56
2005,Yates,"$5,000 - $9,999",1034,8110659.43,196978.78
2005,Yates,"$50,000 - $74,999",1527,103872375.75,2513555.05
2005,Yates,"$75,000 - $99,999",854,77750511.72,1795830.86
2005,Yates,"Under $5,000",1036,2678725.77,54533.16
2006,Albany,"$10,000 - $19,999",19002,303439026.24,8433973.49
2006,Albany,"$100,000 - $199,999",12518,1835112153.95,42413741.48
2006,Albany,"$20,000 - $29,999",18430,448895198.96,13321556.43
2006,Albany,"$200,000 or more",5892,1730454356.57,23472221.68
2006,Albany,"$30,000 - $39,999",17559,601330275.48,21120849.33
2006,Albany,"$40,000 - $49,999",14006,615351186.91,22829094.14
2006,Albany,"$5,000 - $9,999",9637,74572151.82,2165840.84
2006,Albany,"$50,000 - $74,999",22971,1493591936.63,54702878.4
2006,Albany,"$75,000 - $99,999",14353,1353591209.91,39404443.18
2006,Albany,"Under $5,000",8824,22979552.69,584284.58
2006,Bronx,"$10,000 - $19,999",88824,1302911444.27,27113513.02
2006,Bronx,"$100,000 - $199,999",25397,3685339934.59,65523022.34
2006,Bronx,"$20,000 - $29,999",74198,1745005176.58,39723433.65
2006,Bronx,"$200,000 or more",10551,2979025243.59,27550784.72
2006,Bronx,"$30,000 - $39,999",62423,2069141894.98,54458532.44
2006,Bronx,"$40,000 - $49,999",43487,1996798945.34,44637801.11
2006,Bronx,"$5,000 - $9,999",54823,399829936.25,9182813.93
2006,Bronx,"$50,000 - $74,999",63775,3770305173.45,97546325.76
2006,Bronx,"$75,000 - $99,999",28211,2561542724.83,54796182.87
2006,Bronx,"Under $5,000",53188,144114063.22,2407521.78
2006,Brooklyn,"$10,000 - $19,999",126091,2033020372.67,60245331.25
2006,Brooklyn,"$100,000 - $199,999",67767,9793270756.96,225700577.29
2006,Brooklyn,"$20,000 - $29,999",122397,3177293163.07,96455257.89
2006,Brooklyn,"$200,000 or more",32225,10251744248.45,137864111.67
2006,Brooklyn,"$30,000 - $39,999",100371,3344894196.99,118232808.47
2006,Brooklyn,"$40,000 - $49,999",84125,3393617075.43,126673768.78
2006,Brooklyn,"$5,000 - $9,999",62653,502740334.01,13933198.91
2006,Brooklyn,"$50,000 - $74,999",139024,9170571467.46,304409548.25
2006,Brooklyn,"$75,000 - $99,999",75710,6661622140.69,202314066.38
2006,Brooklyn,"Under $5,000",67889,163725782.84,4415182.9
2006,Broome,"$10,000 - $19,999",13662,198021542.17,5296015.79
2006,Broome,"$100,000 - $199,999",6676,996963817.08,19175885.57
2006,Broome,"$20,000 - $29,999",12691,339968948.45,8471914.81
2006,Broome,"$200,000 or more",3051,915473751.95,9655957.82
2006,Broome,"$30,000 - $39,999",11455,397632212.41,11456197.63
2006,Broome,"$40,000 - $49,999",9199,441500646.66,12718773.89
2006,Broome,"$5,000 - $9,999",7336,54301023.96,1423244.58
2006,Broome,"$50,000 - $74,999",14807,928297098.11,29923091.18
2006,Broome,"$75,000 - $99,999",7567,663346098.54,17711147.67
2006,Broome,"Under $5,000",8160,19507997.96,464908.4
2006,Cayuga,"$10,000 - $19,999",5507,84909020.5,2245523.86
2006,Cayuga,"$100,000 - $199,999",2486,354979677.3,6445041.9
2006,Cayuga,"$20,000 - $29,999",4803,115927279.48,3229298.43
2006,Cayuga,"$200,000 or more",1078,316117365.64,3839676.98
2006,Cayuga,"$30,000 - $39,999",4254,148004024.85,3976926.44
2006,Cayuga,"$40,000 - $49,999",3415,141711642.58,4475268.49
2006,Cayuga,"$5,000 - $9,999",3007,22380602.65,574619.22
2006,Cayuga,"$50,000 - $74,999",5091,282993425.59,9392626.78
2006,Cayuga,"$75,000 - $99,999",2873,263521211.4,7086077.02
2006,Cayuga,"Under $5,000",3093,8206391.7,171828.09
2006,Chemung,"$10,000 - $19,999",6395,99140778.67,2739231.81
2006,Chemung,"$100,000 - $199,999",2705,386082976.94,8402582.93
2006,Chemung,"$20,000 - $29,999",5501,134822625.14,3915457.88
2006,Chemung,"$200,000 or more",1282,390306947.83,4652165.66
2006,Chemung,"$30,000 - $39,999",5152,181348475.26,5144159.47
2006,Chemung,"$40,000 - $49,999",3858,180125392.04,5311571.88
2006,Chemung,"$5,000 - $9,999",3514,25712688.86,692867.2
2006,Chemung,"$50,000 - $74,999",5831,356105588.28,11731140.9
2006,Chemung,"$75,000 - $99,999",3043,279865857.64,6645279.16
2006,Chemung,"Under $5,000",3269,8724953.95,192700.25
2006,Cortland,"$10,000 - $19,999",3599,54575128.17,1489072.61
2006,Cortland,"$100,000 - $199,999",1526,245223990.24,4661651.01
2006,Cortland,"$20,000 - $29,999",3034,75714256.26,2134064.19
2006,Cortland,"$200,000 or more",703,210876272.51,2464180.74
2006,Cortland,"$30,000 - $39,999",2702,94096929.67,2635855.12
2006,Cortland,"$40,000 - $49,999",2125,95079956.38,3017325.77
2006,Cortland,"$5,000 - $9,999",1815,13025729.14,348435.13
2006,Cortland,"$50,000 - $74,999",3260,204844059.36,5509051.86
2006,Cortland,"$75,000 - $99,999",1862,169981211.34,4476491.93
2006,Cortland,"Under $5,000",1923,5264591.47,105868.58
2006,Dutchess,"$10,000 - $19,999",17771,266882196.46,8224487.61
2006,Dutchess,"$100,000 - $199,999",12698,1876239178.08,39657678.23
2006,Dutchess,"$20,000 - $29,999",16854,446165896.98,15136562.12
2006,Dutchess,"$200,000 or more",6667,2122385928.45,28862976.85
2006,Dutchess,"$30,000 - $39,999",16033,540361333.44,19830140.57
2006,Dutchess,"$40,000 - $49,999",14241,588418905.03,22327634.11
2006,Dutchess,"$5,000 - $9,999",8755,65365457.36,1794221.66
2006,Dutchess,"$50,000 - $74,999",22541,1431746339.47,48982103.65
2006,Dutchess,"$75,000 - $99,999",14015,1107193898.03,39320953.97
2006,Dutchess,"Under $5,000",8429,20896834.05,510424.36
2006,Erie,"$10,000 - $19,999",60633,964682221.59,26942067.82
2006,Erie,"$100,000 - $199,999",31065,4567194181.37,99341169.14
2006,Erie,"$20,000 - $29,999",50906,1341677397.07,39176731.39
2006,Erie,"$200,000 or more",16590,4793644935.72,67549889.38
2006,Erie,"$30,000 - $39,999",51534,1736850812.51,59169891.23
2006,Erie,"$40,000 - $49,999",45241,1775237665.48,78030025.18
2006,Erie,"$5,000 - $9,999",33071,259055823.65,7633384.21
2006,Erie,"$50,000 - $74,999",70518,4034696892.14,159738379.31
2006,Erie,"$75,000 - $99,999",39619,3722046548.51,111178797.04
2006,Erie,"Under $5,000",30421,73267568.87,1923273.26
2006,"Grand Total, Full-Year Resident",All Classes,6632301,423838303671.88,13743715782.18
2006,Hamilton,"$10,000 - $19,999",362,5627455.58,124505.45
2006,Hamilton,"$100,000 - $199,999",190,27550563.84,487651.06
2006,Hamilton,"$20,000 - $29,999",354,8452867.95,215411.51
2006,Hamilton,"$200,000 or more",84,27012614.48,240469.4
2006,Hamilton,"$30,000 - $39,999",330,11396791.97,262223.97
2006,Hamilton,"$40,000 - $49,999",237,10540362.07,281811.09
2006,Hamilton,"$5,000 - $9,999",192,1556513.41,30129.14
2006,Hamilton,"$50,000 - $74,999",399,24275645.34,621362.72
2006,Hamilton,"$75,000 - $99,999",190,15262471.6,417821.8
2006,Hamilton,"Under $5,000",197,481030.05,9234.43
2006,Madison,"$10,000 - $19,999",4974,82351097.63,2125256.8
2006,Madison,"$100,000 - $199,999",2224,330859258.15,6414481.5
2006,Madison,"$20,000 - $29,999",4516,101086826.97,3060854.31
2006,Madison,"$200,000 or more",1045,316218023.77,3778804.13
2006,Madison,"$30,000 - $39,999",3622,129780098.64,3796436.6
2006,Madison,"$40,000 - $49,999",3349,150753385.87,4744758.25
2006,Madison,"$5,000 - $9,999",2426,18305148.31,493604.04
2006,Madison,"$50,000 - $74,999",4490,292306460.92,8211074.39
2006,Madison,"$75,000 - $99,999",2715,246227032.57,6440888.06
2006,Madison,"Under $5,000",2578,6585882.76,147827.51
2006,Manhattan,"$10,000 - $19,999",40924,615734408.94,40403963.97
2006,Manhattan,"$100,000 - $199,999",118973,16653823788.13,815810667.43
2006,Manhattan,"$20,000 - $29,999",50534,1363172371.66,81512464.07
2006,Manhattan,"$200,000 or more",74210,22965742422.25,665423342.07
2006,Manhattan,"$30,000 - $39,999",58344,1927542589.39,144591319.4
2006,Manhattan,"$40,000 - $49,999",66004,2758849426.55,235429802.68
2006,Manhattan,"$5,000 - $9,999",15791,123584752.0,7450427.59
2006,Manhattan,"$50,000 - $74,999",136118,8249252350.58,605777373.66
2006,Manhattan,"$75,000 - $99,999",96717,7896677926.79,573422846.56
2006,Manhattan,"Under $5,000",12165,29543342.33,1755255.06
2006,Monroe,"$10,000 - $19,999",46734,770038958.38,20050459.43
2006,Monroe,"$100,000 - $199,999",28600,3970229390.94,90948982.35
2006,Monroe,"$20,000 - $29,999",41907,1013214506.24,31554833.4
2006,Monroe,"$200,000 or more",14353,4197312532.68,57102376.02
2006,Monroe,"$30,000 - $39,999",41380,1442988805.18,47918915.18
2006,Monroe,"$40,000 - $49,999",32480,1493075256.36,50679300.72
2006,Monroe,"$5,000 - $9,999",20936,159591499.4,4316564.67
2006,Monroe,"$50,000 - $74,999",55365,3456262334.21,121265806.59
2006,Monroe,"$75,000 - $99,999",31090,2653126699.69,82769393.4
2006,Monroe,"Under $5,000",22619,57189709.86,1427850.9
2006,NYS Unclassified +,All Classes,2298,56151819.72,1858551.14
2006,Nassau,"$10,000 - $19,999",58250,866015673.63,40320573.58
2006,Nassau,"$100,000 - $199,999",85151,12570747799.02,432247450.41
2006,Nassau,"$20,000 - $29,999",63088,1517269781.29,72757196.98
2006,Nassau,"$200,000 or more",45581,13558841450.02,261304476.84
2006,Nassau,"$30,000 - $39,999",71015,2669894245.28,121659971.13
2006,Nassau,"$40,000 - $49,999",63306,2889194517.5,151132864.87
2006,Nassau,"$5,000 - $9,999",25479,212710044.58,9069542.57
2006,Nassau,"$50,000 - $74,999",119987,7719135895.86,399629159.31
2006,Nassau,"$75,000 - $99,999",78610,6831061497.54,322740160.28
2006,Nassau,"Under $5,000",22604,53841422.71,2279304.98
2006,Onondaga,"$10,000 - $19,999",30422,474902344.33,14490541.82
2006,Onondaga,"$100,000 - $199,999",18552,2764715961.02,61421848.14
2006,Onondaga,"$20,000 - $29,999",29798,727875382.12,25612358.13
2006,Onondaga,"$200,000 or more",8791,2692440511.98,34177130.09
2006,Onondaga,"$30,000 - $39,999",25864,886856391.27,30895933.07
2006,Onondaga,"$40,000 - $49,999",21721,1063752236.23,34646606.29
2006,Onondaga,"$5,000 - $9,999",16207,107059619.66,3455858.33
2006,Onondaga,"$50,000 - $74,999",34309,2069097317.31,76512429.41
2006,Onondaga,"$75,000 - $99,999",20201,1708493801.98,54480888.91
2006,Onondaga,"Under $5,000",15680,42060084.91,951154.84
2006,Orange,"$10,000 - $19,999",21345,333152056.51,9416391.0
2006,Orange,"$100,000 - $199,999",14328,2162093641.38,50556803.3
2006,Orange,"$20,000 - $29,999",19582,462321978.23,15707976.86
2006,Orange,"$200,000 or more",6730,2044203684.42,28918456.51
2006,Orange,"$30,000 - $39,999",18166,579790548.75,19275321.11
2006,Orange,"$40,000 - $49,999",15399,708249859.9,23026521.31
2006,Orange,"$5,000 - $9,999",10173,75981941.14,2210660.68
2006,Orange,"$50,000 - $74,999",26488,1574313268.43,54270313.62
2006,Orange,"$75,000 - $99,999",14292,1246473193.0,39688705.82
2006,Orange,"Under $5,000",11521,29575675.95,696209.63
2006,Queens,"$10,000 - $19,999",105299,1766493090.3,49146540.26
2006,Queens,"$100,000 - $199,999",71365,9904722772.17,253998931.25
2006,Queens,"$20,000 - $29,999",93179,2527619370.73,82835475.16
2006,Queens,"$200,000 or more",34342,11106786981.8,160374193.73
2006,Queens,"$30,000 - $39,999",88557,3303601193.69,110569395.74
2006,Queens,"$40,000 - $49,999",78648,3524230071.38,144115334.85
2006,Queens,"$5,000 - $9,999",49914,418837499.92,12232025.01
2006,Queens,"$50,000 - $74,999",128659,8524156777.75,299505204.42
2006,Queens,"$75,000 - $99,999",65787,5728747611.39,199255332.57
2006,Queens,"Under $5,000",46175,108778130.3,3389059.83
2006,Residence Unknown ++,All Classes,582,10703375.98,346578.99
2006,Rockland,"$10,000 - $19,999",13663,199321867.57,7785178.75
2006,Rockland,"$100,000 - $199,999",13165,1942763838.5,54785900.04
2006,Rockland,"$20,000 - $29,999",14760,398430345.49,14483882.83
2006,Rockland,"$200,000 or more",7753,2332977423.09,39531232.09
2006,Rockland,"$30,000 - $39,999",13146,491412059.74,17773985.84
2006,Rockland,"$40,000 - $49,999",12869,599050972.09,25430203.89
2006,Rockland,"$5,000 - $9,999",6689,52142894.14,1805358.57
2006,Rockland,"$50,000 - $74,999",22884,1371220557.2,65077979.89
2006,Rockland,"$75,000 - $99,999",15206,1264355373.14,52959210.13
2006,Rockland,"Under $5,000",5738,14767764.3,486101.27
2006,Schuyler,"$10,000 - $19,999",1556,26108489.17,601655.01
2006,Schuyler,"$100,000 - $199,999",586,91547932.6,1668061.3
2006,Schuyler,"$20,000 - $29,999",1251,27960249.57,799549.55
2006,Schuyler,"$200,000 or more",273,81704678.12,909272.21
2006,Schuyler,"$30,000 - $39,999",1097,37656686.98,1079797.23
2006,Schuyler,"$40,000 - $49,999",937,42157223.33,1338326.41
2006,Schuyler,"$5,000 - $9,999",776,5735710.18,138565.68
2006,Schuyler,"$50,000 - $74,999",1364,81984564.48,2391291.89
2006,Schuyler,"$75,000 - $99,999",685,62695748.87,1472006.32
2006,Schuyler,"Under $5,000",860,2133288.46,40225.55
2006,Seneca,"$10,000 - $19,999",2620,39181661.02,967984.39
2006,Seneca,"$100,000 - $199,999",1049,158219237.83,2622646.6
2006,Seneca,"$20,000 - $29,999",2173,63104777.57,1312581.71
2006,Seneca,"$200,000 or more",521,148344428.97,1661519.46
2006,Seneca,"$30,000 - $39,999",1818,60293461.41,1908076.65
2006,Seneca,"$40,000 - $49,999",1445,65773716.16,1881785.66
2006,Seneca,"$5,000 - $9,999",1223,9135953.46,221518.73
2006,Seneca,"$50,000 - $74,999",2087,134520899.28,4025018.87
2006,Seneca,"$75,000 - $99,999",1146,100267118.67,2711035.27
2006,Seneca,"Under $5,000",1368,3307485.7,74129.02
2006,Staten Island,"$10,000 - $19,999",24801,374971248.7,13772933.57
2006,Staten Island,"$100,000 - $199,999",16018,2244394062.32,65903642.46
2006,Staten Island,"$20,000 - $29,999",22126,483060896.46,19331385.58
2006,Staten Island,"$200,000 or more",8430,2485161637.54,41585467.19
2006,Staten Island,"$30,000 - $39,999",22907,788876151.95,29634276.79
2006,Staten Island,"$40,000 - $49,999",18819,865047695.1,33722667.23
2006,Staten Island,"$5,000 - $9,999",11529,88383816.44,3270621.16
2006,Staten Island,"$50,000 - $74,999",31261,2120807118.58,83127885.83
2006,Staten Island,"$75,000 - $99,999",17920,1705952836.04,55468154.41
2006,Staten Island,"Under $5,000",11807,29422152.53,896761.95
2006,Suffolk,"$10,000 - $19,999",80948,1057073365.65,43095684.77
2006,Suffolk,"$100,000 - $199,999",67532,10315791999.57,259898411.45
2006,Suffolk,"$20,000 - $29,999",86778,2273620799.21,68947339.57
2006,Suffolk,"$200,000 or more",36430,11253297406.99,180356936.63
2006,Suffolk,"$30,000 - $39,999",82634,2890939596.89,104182933.65
2006,Suffolk,"$40,000 - $49,999",69681,2788033012.59,132889685.14
2006,Suffolk,"$5,000 - $9,999",38168,308854370.38,9565224.67
2006,Suffolk,"$50,000 - $74,999",119532,7639271819.66,288680929.01
2006,Suffolk,"$75,000 - $99,999",71286,6606972009.47,172297540.86
2006,Suffolk,"Under $5,000",38407,86898006.1,3107980.76
2006,Tioga,"$10,000 - $19,999",3692,56391856.88,1502223.51
2006,Tioga,"$100,000 - $199,999",1487,244202465.08,4654611.57
2006,Tioga,"$20,000 - $29,999",3308,78269403.05,2202689.36
2006,Tioga,"$200,000 or more",713,206690661.16,2264649.85
2006,Tioga,"$30,000 - $39,999",3042,100908407.36,2995110.6
2006,Tioga,"$40,000 - $49,999",2291,96257335.42,2740177.07
2006,Tioga,"$5,000 - $9,999",1862,12508541.49,328312.87
2006,Tioga,"$50,000 - $74,999",3529,229304050.55,7028192.6
2006,Tioga,"$75,000 - $99,999",1895,171817147.34,4141271.77
2006,Tioga,"Under $5,000",1984,4762561.64,101715.37
2006,Tompkins,"$10,000 - $19,999",6358,96886899.51,2911585.01
2006,Tompkins,"$100,000 - $199,999",3368,479063745.96,10583689.92
2006,Tompkins,"$20,000 - $29,999",5718,151833966.75,4126305.69
2006,Tompkins,"$200,000 or more",1629,475932878.58,6365566.88
2006,Tompkins,"$30,000 - $39,999",5251,177205912.57,6004950.59
2006,Tompkins,"$40,000 - $49,999",4563,198727684.84,7295164.45
2006,Tompkins,"$5,000 - $9,999",3045,22172850.08,674316.04
2006,Tompkins,"$50,000 - $74,999",7084,397677281.23,16760143.41
2006,Tompkins,"$75,000 - $99,999",4068,353066694.56,11853716.48
2006,Tompkins,"Under $5,000",3369,7828215.64,209313.11
2006,Westchester,"$10,000 - $19,999",40238,639378216.73,29196728.68
2006,Westchester,"$100,000 - $199,999",57941,8589933388.48,306779934.75
2006,Westchester,"$20,000 - $29,999",42636,1153025390.81,50733995.46
2006,Westchester,"$200,000 or more",33532,9900815018.4,179112042.09
2006,Westchester,"$30,000 - $39,999",42738,1391207768.71,74493229.61
2006,Westchester,"$40,000 - $49,999",42338,2044494554.7,107121878.87
2006,Westchester,"$5,000 - $9,999",16504,121901857.35,5680591.55
2006,Westchester,"$50,000 - $74,999",80001,4715609391.69,264752552.06
2006,Westchester,"$75,000 - $99,999",53053,4384669121.11,217291232.44
2006,Westchester,"Under $5,000",14168,34909307.13,1422473.77
2006,Yates,"$10,000 - $19,999",1866,28550892.88,695870.92
2006,Yates,"$100,000 - $199,999",773,109727248.28,2064228.05
2006,Yates,"$20,000 - $29,999",1571,34414674.62,1012098.82
2006,Yates,"$200,000 or more",321,100972459.07,1174679.63
2006,Yates,"$30,000 - $39,999",1405,46208151.3,1489494.29
2006,Yates,"$40,000 - $49,999",1058,48729587.34,1475284.91
2006,Yates,"$5,000 - $9,999",984,7896314.7,173589.29
2006,Yates,"$50,000 - $74,999",1730,106144578.62,3109908.47
2006,Yates,"$75,000 - $99,999",895,76154573.32,1990641.45
2006,Yates,"Under $5,000",1055,2744951.65,63586.8
2007,Albany,"$10,000 - $19,999",20497,291947744.59,9761007.85
2007,Albany,"$100,000 - $199,999",12343,1819244848.84,44219781.08
2007,Albany,"$20,000 - $29,999",17102,427291738.41,14351195.22
2007,Albany,"$200,000 or more",6486,1848841431.15,29336401.01
2007,Albany,"$30,000 - $39,999",17071,591223830.89,22623376.53
2007,Albany,"$40,000 - $49,999",14556,616384664.08,24204246.04
2007,Albany,"$5,000 - $9,999",9565,74298948.97,2283428.83
2007,Albany,"$50,000 - $74,999",22369,1292933221.32,49251572.02
2007,Albany,"$75,000 - $99,999",13568,1228611961.03,40886175.25
2007,Albany,"Under $5,000",9576,23923670.36,702622.13
2007,Bronx,"$10,000 - $19,999",89316,1313142834.72,31781442.6
2007,Bronx,"$100,000 - $199,999",23327,3360654770.12,61134748.64
2007,Bronx,"$20,000 - $29,999",73529,1802429603.98,45050215.25
2007,Bronx,"$200,000 or more",10375,3127243158.67,33129652.55
2007,Bronx,"$30,000 - $39,999",61024,2152121470.46,54345559.7
2007,Bronx,"$40,000 - $49,999",45220,1968688792.17,60172635.13
2007,Bronx,"$5,000 - $9,999",52272,380325107.6,8888466.17
2007,Bronx,"$50,000 - $74,999",59919,4032137945.72,93740881.28
2007,Bronx,"$75,000 - $99,999",28657,2569449022.48,57086389.0
2007,Bronx,"Under $5,000",57669,134058772.65,2736945.83
2007,Brooklyn,"$10,000 - $19,999",131679,2081576381.3,61179921.95
2007,Brooklyn,"$100,000 - $199,999",72003,10881191268.14,225274742.17
2007,Brooklyn,"$20,000 - $29,999",113218,2719582886.41,78642757.32
2007,Brooklyn,"$200,000 or more",34026,10618464499.14,132547213.78
2007,Brooklyn,"$30,000 - $39,999",107559,3787250762.53,118685393.75
2007,Brooklyn,"$40,000 - $49,999",92969,4277779003.77,147251244.57
2007,Brooklyn,"$5,000 - $9,999",64113,477153303.7,13076367.02
2007,Brooklyn,"$50,000 - $74,999",141989,8698488083.71,314080551.97
2007,Brooklyn,"$75,000 - $99,999",82306,7510582456.65,209028560.19
2007,Brooklyn,"Under $5,000",63724,162129863.08,3509618.3
2007,Broome,"$10,000 - $19,999",13409,198590698.65,5863395.72
2007,Broome,"$100,000 - $199,999",6962,1023020303.32,19193963.45
2007,Broome,"$20,000 - $29,999",12731,295169422.95,8961736.97
2007,Broome,"$200,000 or more",3359,989546364.83,11787983.6
2007,Broome,"$30,000 - $39,999",11590,386152673.02,12983640.55
2007,Broome,"$40,000 - $49,999",9571,412550284.04,14455916.8
2007,Broome,"$5,000 - $9,999",6863,50546042.42,1497221.22
2007,Broome,"$50,000 - $74,999",14643,1034837995.04,29030182.65
2007,Broome,"$75,000 - $99,999",7677,735061917.08,20833029.9
2007,Broome,"Under $5,000",8363,19702675.23,503933.23
2007,Cayuga,"$10,000 - $19,999",5697,85273265.72,2558995.55
2007,Cayuga,"$100,000 - $199,999",2593,395302552.29,7813722.64
2007,Cayuga,"$20,000 - $29,999",4923,123559628.44,3244968.87
2007,Cayuga,"$200,000 or more",1110,320580362.37,4009911.32
2007,Cayuga,"$30,000 - $39,999",4521,152960190.29,4706994.85
2007,Cayuga,"$40,000 - $49,999",3596,166183246.66,5651049.08
2007,Cayuga,"$5,000 - $9,999",2849,21099563.85,612757.18
2007,Cayuga,"$50,000 - $74,999",5446,393767322.73,10825122.68
2007,Cayuga,"$75,000 - $99,999",2906,232657409.61,7231753.09
2007,Cayuga,"Under $5,000",2997,7601255.82,174437.47
2007,Chemung,"$10,000 - $19,999",6791,103264280.6,3107960.95
2007,Chemung,"$100,000 - $199,999",2680,412809730.37,8114106.8
2007,Chemung,"$20,000 - $29,999",5390,137332581.87,4507155.38
2007,Chemung,"$200,000 or more",1214,360648194.39,4335548.63
2007,Chemung,"$30,000 - $39,999",4620,159220757.04,5096859.5
2007,Chemung,"$40,000 - $49,999",3721,166003917.09,5761708.02
2007,Chemung,"$5,000 - $9,999",3393,27736119.13,664356.24
2007,Chemung,"$50,000 - $74,999",6052,396939107.29,11720074.46
2007,Chemung,"$75,000 - $99,999",3219,281207460.28,7422188.23
2007,Chemung,"Under $5,000",3603,8378822.03,223807.1
2007,Cortland,"$10,000 - $19,999",3783,57361754.34,1637131.09
2007,Cortland,"$100,000 - $199,999",1473,227169954.43,4581657.54
2007,Cortland,"$20,000 - $29,999",3127,81385240.15,2212491.14
2007,Cortland,"$200,000 or more",748,205995951.5,2647026.69
2007,Cortland,"$30,000 - $39,999",2941,103573833.11,3225592.5
2007,Cortland,"$40,000 - $49,999",2426,106014991.97,3639602.72
2007,Cortland,"$5,000 - $9,999",1885,15396946.7,378526.54
2007,Cortland,"$50,000 - $74,999",3346,209239871.41,6827655.76
2007,Cortland,"$75,000 - $99,999",1639,154088142.72,4012896.79
2007,Cortland,"Under $5,000",2116,5133281.92,123894.34
2007,Dutchess,"$10,000 - $19,999",18538,261416437.55,9617375.86
2007,Dutchess,"$100,000 - $199,999",12419,1906167740.76,43629871.61
2007,Dutchess,"$20,000 - $29,999",19074,471688883.56,16096834.22
2007,Dutchess,"$200,000 or more",6878,2068773486.66,29749644.91
2007,Dutchess,"$30,000 - $39,999",16110,582419227.6,20908174.97
2007,Dutchess,"$40,000 - $49,999",14406,676056810.76,25596732.92
2007,Dutchess,"$5,000 - $9,999",9138,71481736.27,2379885.71
2007,Dutchess,"$50,000 - $74,999",22994,1315099059.55,54177136.7
2007,Dutchess,"$75,000 - $99,999",14108,1228793904.65,41098963.67
2007,Dutchess,"Under $5,000",8696,19985292.6,590321.5
2007,Erie,"$10,000 - $19,999",60893,927404851.12,28531720.77
2007,Erie,"$100,000 - $199,999",33420,5548926837.9,115873800.04
2007,Erie,"$20,000 - $29,999",55196,1330024518.4,38843476.5
2007,Erie,"$200,000 or more",16816,5036615323.13,76988474.29
2007,Erie,"$30,000 - $39,999",50699,1776980021.52,54359017.89
2007,Erie,"$40,000 - $49,999",42375,1760271942.3,66682616.73
2007,Erie,"$5,000 - $9,999",32362,242382303.9,7702288.44
2007,Erie,"$50,000 - $74,999",70815,4749205929.29,158919032.49
2007,Erie,"$75,000 - $99,999",37570,3177226499.75,105005757.65
2007,Erie,"Under $5,000",33231,77969632.69,2062923.08
2007,"Grand Total, Full-Year Resident",All Classes,6686954,432782576913.58,14147554592.64
2007,Hamilton,"$10,000 - $19,999",376,6154301.8,130057.78
2007,Hamilton,"$100,000 - $199,999",186,26688693.5,479814.96
2007,Hamilton,"$20,000 - $29,999",370,9516413.16,223574.13
2007,Hamilton,"$200,000 or more",88,27705339.09,250256.99
2007,Hamilton,"$30,000 - $39,999",306,11330392.26,286264.37
2007,Hamilton,"$40,000 - $49,999",260,11013630.18,312789.71
2007,Hamilton,"$5,000 - $9,999",190,1451723.45,34466.83
2007,Hamilton,"$50,000 - $74,999",380,23599874.77,664135.34
2007,Hamilton,"$75,000 - $99,999",211,19624503.62,445591.6
2007,Hamilton,"Under $5,000",193,473570.27,9520.14
2007,Madison,"$10,000 - $19,999",4493,72340527.05,1940918.89
2007,Madison,"$100,000 - $199,999",2347,332636487.49,6548273.45
2007,Madison,"$20,000 - $29,999",4475,104252287.6,3251616.76
2007,Madison,"$200,000 or more",1223,366189715.75,4312702.8
2007,Madison,"$30,000 - $39,999",3859,151921568.46,3868194.91
2007,Madison,"$40,000 - $49,999",3045,126882792.77,4167338.81
2007,Madison,"$5,000 - $9,999",2573,19337800.09,504655.55
2007,Madison,"$50,000 - $74,999",4747,268062780.95,9103297.75
2007,Madison,"$75,000 - $99,999",2583,225347728.34,6579648.64
2007,Madison,"Under $5,000",2527,6501000.87,155622.21
2007,Manhattan,"$10,000 - $19,999",42513,632545776.29,45534470.53
2007,Manhattan,"$100,000 - $199,999",115343,17813626877.96,799143469.37
2007,Manhattan,"$20,000 - $29,999",50692,1164528691.16,84106083.52
2007,Manhattan,"$200,000 or more",81730,27465452870.6,637975916.49
2007,Manhattan,"$30,000 - $39,999",66295,2196361536.97,162553051.47
2007,Manhattan,"$40,000 - $49,999",65029,2857201328.9,238439695.88
2007,Manhattan,"$5,000 - $9,999",16354,121059744.1,8343513.29
2007,Manhattan,"$50,000 - $74,999",131611,7953766577.32,631615739.26
2007,Manhattan,"$75,000 - $99,999",104344,9184051537.52,576632494.26
2007,Manhattan,"Under $5,000",12872,33152379.18,1760841.58
2007,Monroe,"$10,000 - $19,999",44939,678460792.85,21425482.91
2007,Monroe,"$100,000 - $199,999",26265,3966751047.38,96095099.09
2007,Monroe,"$20,000 - $29,999",41762,1025524560.02,36500817.29
2007,Monroe,"$200,000 or more",14020,4472429600.26,60373251.65
2007,Monroe,"$30,000 - $39,999",41597,1377581014.03,47782378.42
2007,Monroe,"$40,000 - $49,999",35066,1583148902.37,56681216.57
2007,Monroe,"$5,000 - $9,999",21415,145165181.79,5314445.37
2007,Monroe,"$50,000 - $74,999",53404,3357019395.68,125641452.42
2007,Monroe,"$75,000 - $99,999",31159,2858243958.89,97815122.14
2007,Monroe,"Under $5,000",21745,48711512.12,1517035.6
2007,NYS Unclassified +,All Classes,2402,69414492.85,2110964.08
2007,Nassau,"$10,000 - $19,999",60215,851316297.5,40178374.33
2007,Nassau,"$100,000 - $199,999",82841,12623438380.0,418683118.3
2007,Nassau,"$20,000 - $29,999",68622,1862408316.48,80811576.55
2007,Nassau,"$200,000 or more",44671,13783808596.15,284096485.18
2007,Nassau,"$30,000 - $39,999",68077,2186810929.08,122461861.45
2007,Nassau,"$40,000 - $49,999",59391,2530513374.57,134464151.75
2007,Nassau,"$5,000 - $9,999",25707,199811023.29,8524319.93
2007,Nassau,"$50,000 - $74,999",119867,7649670788.31,371355105.73
2007,Nassau,"$75,000 - $99,999",87094,8281989125.58,363614853.58
2007,Nassau,"Under $5,000",21165,49794582.33,2154373.29
2007,Onondaga,"$10,000 - $19,999",30397,456946639.57,14529105.92
2007,Onondaga,"$100,000 - $199,999",19230,2751007636.76,70015324.03
2007,Onondaga,"$20,000 - $29,999",30757,778439131.22,24832096.13
2007,Onondaga,"$200,000 or more",8923,3113814435.45,34288451.41
2007,Onondaga,"$30,000 - $39,999",27053,945498263.95,33640288.23
2007,Onondaga,"$40,000 - $49,999",22886,1027164379.46,39493331.76
2007,Onondaga,"$5,000 - $9,999",14774,111015063.51,3727608.38
2007,Onondaga,"$50,000 - $74,999",35589,2293548289.1,82111769.24
2007,Onondaga,"$75,000 - $99,999",19703,1677912368.55,63356345.0
2007,Onondaga,"Under $5,000",15458,39280662.43,1037054.1
2007,Orange,"$10,000 - $19,999",21843,326772982.94,10641888.2
2007,Orange,"$100,000 - $199,999",13314,2001026841.13,44857527.86
2007,Orange,"$20,000 - $29,999",19988,458032464.56,16350054.92
2007,Orange,"$200,000 or more",6802,2005836575.63,29136744.9
2007,Orange,"$30,000 - $39,999",19066,695502404.96,22669969.84
2007,Orange,"$40,000 - $49,999",15616,669688597.89,26858282.98
2007,Orange,"$5,000 - $9,999",11082,80184255.24,2636342.27
2007,Orange,"$50,000 - $74,999",25665,1566689700.99,58953701.14
2007,Orange,"$75,000 - $99,999",16333,1413978179.59,45410302.54
2007,Orange,"Under $5,000",11009,26306014.12,689934.08
2007,Queens,"$10,000 - $19,999",97624,1529738792.65,53286871.64
2007,Queens,"$100,000 - $199,999",64318,9790236255.29,269934336.62
2007,Queens,"$20,000 - $29,999",94988,2314402749.62,78324088.93
2007,Queens,"$200,000 or more",32090,9168074114.45,147376271.02
2007,Queens,"$30,000 - $39,999",85242,3019130107.37,107745485.55
2007,Queens,"$40,000 - $49,999",81045,3644699659.88,131097922.06
2007,Queens,"$5,000 - $9,999",50126,370376631.11,12436924.65
2007,Queens,"$50,000 - $74,999",119612,7266129927.33,257966351.42
2007,Queens,"$75,000 - $99,999",74119,6317008684.97,248075058.52
2007,Queens,"Under $5,000",51407,123331227.63,3769141.12
2007,Residence Unknown ++,All Classes,426,8498302.84,341273.49
2007,Rockland,"$10,000 - $19,999",15009,240732648.29,9670844.41
2007,Rockland,"$100,000 - $199,999",14237,2307293563.45,66954313.67
2007,Rockland,"$20,000 - $29,999",14823,364658366.36,15568017.79
2007,Rockland,"$200,000 or more",7840,2386404418.67,43391939.68
2007,Rockland,"$30,000 - $39,999",14242,511239546.42,22649422.97
2007,Rockland,"$40,000 - $49,999",12926,601756635.07,29949445.61
2007,Rockland,"$5,000 - $9,999",6644,45690000.3,1928332.2
2007,Rockland,"$50,000 - $74,999",23643,1388484119.24,72692934.29
2007,Rockland,"$75,000 - $99,999",14292,1194127908.07,57082605.48
2007,Rockland,"Under $5,000",5546,13690795.64,516620.88
2007,Schuyler,"$10,000 - $19,999",1495,22765190.69,635622.59
2007,Schuyler,"$100,000 - $199,999",560,77937816.3,1596469.69
2007,Schuyler,"$20,000 - $29,999",1304,35326392.44,844719.55
2007,Schuyler,"$200,000 or more",256,83200087.24,901871.81
2007,Schuyler,"$30,000 - $39,999",1124,41784500.54,1277732.98
2007,Schuyler,"$40,000 - $49,999",894,40977104.66,1251863.19
2007,Schuyler,"$5,000 - $9,999",797,6895548.61,161256.1
2007,Schuyler,"$50,000 - $74,999",1369,81433547.09,2630271.57
2007,Schuyler,"$75,000 - $99,999",667,61538392.04,1686586.68
2007,Schuyler,"Under $5,000",844,2128987.55,50573.63
2007,Seneca,"$10,000 - $19,999",2499,36469252.27,987873.5
2007,Seneca,"$100,000 - $199,999",988,154898815.39,2899185.49
2007,Seneca,"$20,000 - $29,999",2217,54227024.44,1452473.72
2007,Seneca,"$200,000 or more",475,146851151.63,1607387.35
2007,Seneca,"$30,000 - $39,999",2003,72014364.54,1916055.56
2007,Seneca,"$40,000 - $49,999",1550,67303865.1,2209724.19
2007,Seneca,"$5,000 - $9,999",1330,10351103.33,259271.5
2007,Seneca,"$50,000 - $74,999",2267,136249427.63,4010057.72
2007,Seneca,"$75,000 - $99,999",1148,106642808.86,2643709.53
2007,Seneca,"Under $5,000",1383,3523776.89,80304.12
2007,Staten Island,"$10,000 - $19,999",24864,380914880.18,12935351.46
2007,Staten Island,"$100,000 - $199,999",16741,2489603079.47,64649764.3
2007,Staten Island,"$20,000 - $29,999",23193,595436949.12,20089367.18
2007,Staten Island,"$200,000 or more",8361,2328347658.69,39296439.64
2007,Staten Island,"$30,000 - $39,999",21922,837802979.09,30560776.43
2007,Staten Island,"$40,000 - $49,999",19783,870469213.0,39321388.17
2007,Staten Island,"$5,000 - $9,999",12299,101351736.89,3243191.07
2007,Staten Island,"$50,000 - $74,999",32431,2017994990.31,75403674.01
2007,Staten Island,"$75,000 - $99,999",18778,1543269742.11,56888014.59
2007,Staten Island,"Under $5,000",10538,25665821.03,796058.01
2007,Suffolk,"$10,000 - $19,999",86084,1274305470.27,50287322.07
2007,Suffolk,"$100,000 - $199,999",63697,9250517861.63,258677431.26
2007,Suffolk,"$20,000 - $29,999",88397,2241775812.96,85909461.84
2007,Suffolk,"$200,000 or more",36045,11099935937.18,178382406.63
2007,Suffolk,"$30,000 - $39,999",84376,3104887190.45,115692311.49
2007,Suffolk,"$40,000 - $49,999",65797,2946760854.62,127636462.03
2007,Suffolk,"$5,000 - $9,999",36662,278343483.73,9243900.7
2007,Suffolk,"$50,000 - $74,999",113726,7221647185.07,266403252.8
2007,Suffolk,"$75,000 - $99,999",69651,6037995094.66,224966076.02
2007,Suffolk,"Under $5,000",36650,93377274.86,2907097.36
2007,Tioga,"$10,000 - $19,999",3635,54924137.29,1386794.33
2007,Tioga,"$100,000 - $199,999",1627,238224902.17,4922777.95
2007,Tioga,"$20,000 - $29,999",3189,76978172.93,2291102.94
2007,Tioga,"$200,000 or more",743,218084687.56,2455723.03
2007,Tioga,"$30,000 - $39,999",2913,104216697.96,2910784.59
2007,Tioga,"$40,000 - $49,999",2362,114294175.8,3255307.56
2007,Tioga,"$5,000 - $9,999",1838,13638120.06,335476.89
2007,Tioga,"$50,000 - $74,999",3592,210228345.97,6392436.41
2007,Tioga,"$75,000 - $99,999",1787,147786651.92,4630719.92
2007,Tioga,"Under $5,000",2052,5060295.63,109642.03
2007,Tompkins,"$10,000 - $19,999",5940,90140343.59,3045988.0
2007,Tompkins,"$100,000 - $199,999",3820,574524926.26,12893749.94
2007,Tompkins,"$20,000 - $29,999",5517,134148004.04,4145404.66
2007,Tompkins,"$200,000 or more",1604,481202030.5,6150836.36
2007,Tompkins,"$30,000 - $39,999",5814,208344672.95,6774545.85
2007,Tompkins,"$40,000 - $49,999",4178,197775182.52,7113865.49
2007,Tompkins,"$5,000 - $9,999",3211,23763862.9,740451.09
2007,Tompkins,"$50,000 - $74,999",6660,419497475.36,14712172.85
2007,Tompkins,"$75,000 - $99,999",4165,370903859.2,11235545.15
2007,Tompkins,"Under $5,000",3147,7774364.07,201134.06
2007,Westchester,"$10,000 - $19,999",41164,631875249.72,30624205.83
2007,Westchester,"$100,000 - $199,999",51501,7583022811.92,274125566.78
2007,Westchester,"$20,000 - $29,999",45262,1106319027.1,56890845.94
2007,Westchester,"$200,000 or more",32381,9129182059.2,211363056.01
2007,Westchester,"$30,000 - $39,999",45923,1711954357.69,83991076.81
2007,Westchester,"$40,000 - $49,999",45351,2102005967.9,119398097.24
2007,Westchester,"$5,000 - $9,999",17623,121157567.52,6063164.31
2007,Westchester,"$50,000 - $74,999",84676,5611100155.55,302632284.96
2007,Westchester,"$75,000 - $99,999",59516,4950945204.03,259061939.98
2007,Westchester,"Under $5,000",13830,34562146.81,1443048.28
2007,Yates,"$10,000 - $19,999",1843,28902966.34,756491.34
2007,Yates,"$100,000 - $199,999",727,107918524.84,2141453.75
2007,Yates,"$20,000 - $29,999",1658,41531556.35,1234434.93
2007,Yates,"$200,000 or more",380,115597967.24,1303893.69
2007,Yates,"$30,000 - $39,999",1352,46814687.81,1390804.15
2007,Yates,"$40,000 - $49,999",1109,45969216.69,1624066.37
2007,Yates,"$5,000 - $9,999",1028,7114995.45,189058.52
2007,Yates,"$50,000 - $74,999",1512,89982067.54,2774281.02
2007,Yates,"$75,000 - $99,999",829,77017775.29,1917704.38
2007,Yates,"Under $5,000",1094,2835859.04,56191.14
2008,Albany,"$10,000 - $19,999",17904,255198889.94,9033926.56
2008,Albany,"$100,000 - $199,999",12159,1790265291.83,39769654.5
2008,Albany,"$20,000 - $29,999",17522,399151597.68,14302401.08
2008,Albany,"$200,000 or more",6215,1783069628.72,23814136.16
2008,Albany,"$30,000 - $39,999",16904,594576913.49,21104147.92
2008,Albany,"$40,000 - $49,999",15827,746146337.2,27270737.4
2008,Albany,"$5,000 - $9,999",10045,79947028.65,2383756.34
2008,Albany,"$50,000 - $74,999",24675,1687218962.58,57878218.32
2008,Albany,"$75,000 - $99,999",14454,1297798783.5,43178396.01
2008,Albany,"Under $5,000",9364,24612404.19,650695.9
2008,Bronx,"$10,000 - $19,999",87961,1184802511.0,31052825.9
2008,Bronx,"$100,000 - $199,999",22959,3491335153.48,61620359.41
2008,Bronx,"$20,000 - $29,999",75539,2088994609.72,43687737.45
2008,Bronx,"$200,000 or more",10365,3268500021.82,29838867.38
2008,Bronx,"$30,000 - $39,999",59307,2032071803.64,51116405.29
2008,Bronx,"$40,000 - $49,999",45858,2078219765.75,52848830.77
2008,Bronx,"$5,000 - $9,999",54012,429070161.67,9956814.41
2008,Bronx,"$50,000 - $74,999",63731,4098638475.59,105901348.13
2008,Bronx,"$75,000 - $99,999",30045,2726138734.3,59267502.09
2008,Bronx,"Under $5,000",59053,148574742.79,2848474.26
2008,Brooklyn,"$10,000 - $19,999",125140,1762351998.28,54380602.1
2008,Brooklyn,"$100,000 - $199,999",62288,9106368404.43,192373114.32
2008,Brooklyn,"$20,000 - $29,999",114892,2618808901.26,71641892.37
2008,Brooklyn,"$200,000 or more",33090,9076882227.51,123813716.06
2008,Brooklyn,"$30,000 - $39,999",112929,3743769968.37,119978374.21
2008,Brooklyn,"$40,000 - $49,999",90875,4409787013.49,139037299.54
2008,Brooklyn,"$5,000 - $9,999",65893,489169550.25,13634679.46
2008,Brooklyn,"$50,000 - $74,999",134525,8294837000.02,273370895.56
2008,Brooklyn,"$75,000 - $99,999",78503,6944946155.24,207976698.86
2008,Brooklyn,"Under $5,000",66164,154751618.26,4151063.39
2008,Broome,"$10,000 - $19,999",14330,212209233.22,5537387.59
2008,Broome,"$100,000 - $199,999",6722,1086011362.05,20140129.07
2008,Broome,"$20,000 - $29,999",12390,321588124.76,8632537.55
2008,Broome,"$200,000 or more",3248,924180911.75,11328472.57
2008,Broome,"$30,000 - $39,999",11441,441086556.96,11534421.76
2008,Broome,"$40,000 - $49,999",8655,429586839.51,11315357.98
2008,Broome,"$5,000 - $9,999",6915,54542026.02,1399014.74
2008,Broome,"$50,000 - $74,999",13813,811899643.21,25131313.52
2008,Broome,"$75,000 - $99,999",7772,649264166.0,18605673.33
2008,Broome,"Under $5,000",7390,19945576.94,385112.16
2008,Cayuga,"$10,000 - $19,999",5860,77905333.16,2466438.98
2008,Cayuga,"$100,000 - $199,999",2449,364083163.84,7395893.21
2008,Cayuga,"$20,000 - $29,999",5265,135962168.06,3689112.31
2008,Cayuga,"$200,000 or more",1198,347140308.78,4327302.36
2008,Cayuga,"$30,000 - $39,999",4447,144455641.51,4726562.27
2008,Cayuga,"$40,000 - $49,999",3661,165185935.22,5623509.3
2008,Cayuga,"$5,000 - $9,999",2992,23011578.77,578044.31
2008,Cayuga,"$50,000 - $74,999",4851,301386346.27,8528290.1
2008,Cayuga,"$75,000 - $99,999",3039,281925884.27,7791559.29
2008,Cayuga,"Under $5,000",3212,7460547.23,174771.96
2008,Chemung,"$10,000 - $19,999",5763,87016874.9,2150821.05
2008,Chemung,"$100,000 - $199,999",2428,332718226.45,6720603.74
2008,Chemung,"$20,000 - $29,999",5454,142047755.42,3647983.84
2008,Chemung,"$200,000 or more",1214,393420026.2,4291077.87
2008,Chemung,"$30,000 - $39,999",4852,170625087.58,5063574.72
2008,Chemung,"$40,000 - $49,999",3647,170681942.19,5220006.82
2008,Chemung,"$5,000 - $9,999",3098,23977837.42,601907.02
2008,Chemung,"$50,000 - $74,999",5838,381113018.53,10557487.84
2008,Chemung,"$75,000 - $99,999",3136,263580958.68,7078890.36
2008,Chemung,"Under $5,000",3397,8575751.43,189726.63
2008,Cortland,"$10,000 - $19,999",3601,53156200.95,1475283.79
2008,Cortland,"$100,000 - $199,999",1556,214006184.85,4691475.97
2008,Cortland,"$20,000 - $29,999",2970,77231848.16,2032100.75
2008,Cortland,"$200,000 or more",690,212237981.32,2516965.4
2008,Cortland,"$30,000 - $39,999",3007,105005534.59,3025527.06
2008,Cortland,"$40,000 - $49,999",2259,99209031.08,3354403.15
2008,Cortland,"$5,000 - $9,999",2061,15775857.12,413072.8
2008,Cortland,"$50,000 - $74,999",3319,204227695.1,5911722.4
2008,Cortland,"$75,000 - $99,999",1745,168920017.55,3805911.98
2008,Cortland,"Under $5,000",2011,5149681.67,119307.33
2008,Dutchess,"$10,000 - $19,999",16555,233849878.81,7619279.78
2008,Dutchess,"$100,000 - $199,999",11762,1764017601.92,40552737.44
2008,Dutchess,"$20,000 - $29,999",17779,449254373.57,14627108.18
2008,Dutchess,"$200,000 or more",7006,2149089896.37,31416086.32
2008,Dutchess,"$30,000 - $39,999",16041,511029532.46,19548469.07
2008,Dutchess,"$40,000 - $49,999",13131,618145329.44,20761833.54
2008,Dutchess,"$5,000 - $9,999",8428,66872268.52,1995756.43
2008,Dutchess,"$50,000 - $74,999",23105,1330694405.2,59825191.8
2008,Dutchess,"$75,000 - $99,999",14173,1191320307.74,39528219.77
2008,Dutchess,"Under $5,000",8910,24390109.88,578526.08
2008,Erie,"$10,000 - $19,999",60199,900323219.04,25637328.79
2008,Erie,"$100,000 - $199,999",31389,4905268869.03,98616007.11
2008,Erie,"$20,000 - $29,999",54056,1522954544.85,39527138.22
2008,Erie,"$200,000 or more",17432,5142959832.58,70162886.18
2008,Erie,"$30,000 - $39,999",50739,1733283901.28,51228068.03
2008,Erie,"$40,000 - $49,999",42137,1824872887.01,61707922.78
2008,Erie,"$5,000 - $9,999",30417,247466383.9,6811421.91
2008,Erie,"$50,000 - $74,999",63781,3752281202.25,127395069.75
2008,Erie,"$75,000 - $99,999",36418,3580483710.21,99090227.67
2008,Erie,"Under $5,000",32126,82929666.63,1903799.9
2008,"Grand Total, Full-Year Resident",All Classes,6596916,421347801250.26,13607234671.86
2008,Hamilton,"$10,000 - $19,999",371,5500523.26,134864.5
2008,Hamilton,"$100,000 - $199,999",187,25460274.54,523423.17
2008,Hamilton,"$20,000 - $29,999",328,8343848.73,193388.98
2008,Hamilton,"$200,000 or more",92,27702027.72,335379.12
2008,Hamilton,"$30,000 - $39,999",330,10761165.1,314185.92
2008,Hamilton,"$40,000 - $49,999",257,12156048.61,309999.98
2008,Hamilton,"$5,000 - $9,999",195,1638623.49,36857.96
2008,Hamilton,"$50,000 - $74,999",397,24864005.25,678633.68
2008,Hamilton,"$75,000 - $99,999",212,18493076.49,456601.74
2008,Hamilton,"Under $5,000",203,460478.97,10836.17
2008,Madison,"$10,000 - $19,999",4647,64080030.48,1945301.93
2008,Madison,"$100,000 - $199,999",2067,296110910.62,6325831.58
2008,Madison,"$20,000 - $29,999",4379,100879814.83,2741724.5
2008,Madison,"$200,000 or more",1059,326961011.63,3770295.4
2008,Madison,"$30,000 - $39,999",3784,125226038.02,4152455.84
2008,Madison,"$40,000 - $49,999",3219,147408789.09,4606848.41
2008,Madison,"$5,000 - $9,999",2472,18726165.96,454078.47
2008,Madison,"$50,000 - $74,999",4719,294889453.85,8823012.95
2008,Madison,"$75,000 - $99,999",2481,228777396.1,5613860.05
2008,Madison,"Under $5,000",2575,6220407.59,136382.71
2008,Manhattan,"$10,000 - $19,999",41100,639917814.3,42533117.96
2008,Manhattan,"$100,000 - $199,999",105877,15556479897.52,779620637.58
2008,Manhattan,"$20,000 - $29,999",47778,1206488754.55,76502896.47
2008,Manhattan,"$200,000 or more",79457,25409713157.02,713482234.24
2008,Manhattan,"$30,000 - $39,999",60214,2092510958.2,157790091.6
2008,Manhattan,"$40,000 - $49,999",61821,2588000515.8,205327163.91
2008,Manhattan,"$5,000 - $9,999",17153,132093095.38,7536977.45
2008,Manhattan,"$50,000 - $74,999",136623,8798623540.34,604670015.09
2008,Manhattan,"$75,000 - $99,999",96403,8453068578.25,567157969.09
2008,Manhattan,"Under $5,000",12658,31503325.17,1687546.21
2008,Monroe,"$10,000 - $19,999",47939,721388953.71,21805999.96
2008,Monroe,"$100,000 - $199,999",30201,4409847448.85,99531365.41
2008,Monroe,"$20,000 - $29,999",41469,1017546724.05,32376480.97
2008,Monroe,"$200,000 or more",14617,4376829828.39,65032525.81
2008,Monroe,"$30,000 - $39,999",45036,1665882923.1,49022835.15
2008,Monroe,"$40,000 - $49,999",34413,1523325261.21,56923601.54
2008,Monroe,"$5,000 - $9,999",22618,170029972.19,5410724.45
2008,Monroe,"$50,000 - $74,999",55673,3407025774.33,114590321.13
2008,Monroe,"$75,000 - $99,999",31841,2925799934.23,86535654.85
2008,Monroe,"Under $5,000",22485,62069341.23,1328956.6
2008,NYS Unclassified +,All Classes,2302,75364777.69,2183648.16
2008,Nassau,"$10,000 - $19,999",57686,769758866.24,39824484.71
2008,Nassau,"$100,000 - $199,999",75093,10911121149.0,363727774.68
2008,Nassau,"$20,000 - $29,999",60019,1423280475.84,72788612.12
2008,Nassau,"$200,000 or more",46162,14072695701.9,264091741.33
2008,Nassau,"$30,000 - $39,999",63725,2301461664.99,104539208.23
2008,Nassau,"$40,000 - $49,999",65504,2721255878.18,155378606.9
2008,Nassau,"$5,000 - $9,999",24478,171057868.12,8598173.52
2008,Nassau,"$50,000 - $74,999",113722,6637676709.62,338025091.09
2008,Nassau,"$75,000 - $99,999",78158,7479461981.66,303938772.35
2008,Nassau,"Under $5,000",22129,52060398.51,2030402.76
2008,Onondaga,"$10,000 - $19,999",29628,442621367.39,15173772.68
2008,Onondaga,"$100,000 - $199,999",18387,2814769564.68,63118792.53
2008,Onondaga,"$20,000 - $29,999",29344,716031314.23,24591812.81
2008,Onondaga,"$200,000 or more",8372,2577642316.07,34259736.26
2008,Onondaga,"$30,000 - $39,999",25973,883940043.95,31811595.19
2008,Onondaga,"$40,000 - $49,999",22073,1011248121.48,34942064.27
2008,Onondaga,"$5,000 - $9,999",15790,125257179.08,3402008.95
2008,Onondaga,"$50,000 - $74,999",37483,2240302626.15,82353725.31
2008,Onondaga,"$75,000 - $99,999",20606,1610761473.32,55809797.46
2008,Onondaga,"Under $5,000",15283,34504898.73,1100213.55
2008,Orange,"$10,000 - $19,999",21147,310726057.39,10849590.6
2008,Orange,"$100,000 - $199,999",13351,1997180054.3,46725348.39
2008,Orange,"$20,000 - $29,999",19593,500965102.23,16260436.57
2008,Orange,"$200,000 or more",6261,1796073914.22,26580039.97
2008,Orange,"$30,000 - $39,999",19691,663278315.43,22637300.4
2008,Orange,"$40,000 - $49,999",14603,674705889.34,24134532.32
2008,Orange,"$5,000 - $9,999",10623,91168739.66,2477356.08
2008,Orange,"$50,000 - $74,999",25484,1663629168.11,59538022.11
2008,Orange,"$75,000 - $99,999",14339,1218314578.14,38381003.05
2008,Orange,"Under $5,000",10505,25760773.12,689689.05
2008,Queens,"$10,000 - $19,999",101979,1512517789.04,54649128.47
2008,Queens,"$100,000 - $199,999",65907,9336569407.37,242621443.32
2008,Queens,"$20,000 - $29,999",101708,2399526326.49,81778517.56
2008,Queens,"$200,000 or more",36310,11320842454.63,168842240.82
2008,Queens,"$30,000 - $39,999",90121,3231419709.26,111422502.99
2008,Queens,"$40,000 - $49,999",80121,3536548661.35,141333420.17
2008,Queens,"$5,000 - $9,999",48739,352255329.64,11648340.9
2008,Queens,"$50,000 - $74,999",117477,7099784294.32,271492919.77
2008,Queens,"$75,000 - $99,999",71160,6383696368.3,224089148.42
2008,Queens,"Under $5,000",49513,121574297.19,3095865.32
2008,Residence Unknown ++,All Classes,615,10909442.47,501700.51
2008,Rockland,"$10,000 - $19,999",14798,212751797.89,8577160.18
2008,Rockland,"$100,000 - $199,999",13255,1994629954.76,58585057.82
2008,Rockland,"$20,000 - $29,999",14946,376699986.71,17198029.74
2008,Rockland,"$200,000 or more",7934,2188822783.77,43592933.86
2008,Rockland,"$30,000 - $39,999",13715,486964322.98,20186540.68
2008,Rockland,"$40,000 - $49,999",14158,682706244.88,27856350.76
2008,Rockland,"$5,000 - $9,999",6441,51433401.18,1692440.28
2008,Rockland,"$50,000 - $74,999",24134,1532614444.62,61839832.54
2008,Rockland,"$75,000 - $99,999",14205,1204665509.1,53191912.5
2008,Rockland,"Under $5,000",5780,14630431.06,480435.49
2008,Schuyler,"$10,000 - $19,999",1466,22810945.45,581659.81
2008,Schuyler,"$100,000 - $199,999",577,84635102.16,1905515.08
2008,Schuyler,"$20,000 - $29,999",1329,33065549.19,938020.05
2008,Schuyler,"$200,000 or more",272,79879958.06,1012340.09
2008,Schuyler,"$30,000 - $39,999",1110,41131381.71,1156441.81
2008,Schuyler,"$40,000 - $49,999",902,38841366.86,1202967.74
2008,Schuyler,"$5,000 - $9,999",712,4570859.45,151064.75
2008,Schuyler,"$50,000 - $74,999",1271,80840750.3,2263906.55
2008,Schuyler,"$75,000 - $99,999",659,60154468.08,1595456.2
2008,Schuyler,"Under $5,000",851,1951631.79,47922.93
2008,Seneca,"$10,000 - $19,999",2603,40615321.94,997593.07
2008,Seneca,"$100,000 - $199,999",1027,156572804.5,2816049.85
2008,Seneca,"$20,000 - $29,999",2201,57334302.56,1611209.32
2008,Seneca,"$200,000 or more",473,135819440.94,1611579.81
2008,Seneca,"$30,000 - $39,999",1970,72684591.01,1885550.79
2008,Seneca,"$40,000 - $49,999",1516,68701073.62,2054043.64
2008,Seneca,"$5,000 - $9,999",1204,8719956.04,211082.47
2008,Seneca,"$50,000 - $74,999",2264,166394699.0,3920207.54
2008,Seneca,"$75,000 - $99,999",1189,109670245.57,2782644.93
2008,Seneca,"Under $5,000",1429,3727392.61,81339.05
2008,Staten Island,"$10,000 - $19,999",23371,340626042.21,11839403.29
2008,Staten Island,"$100,000 - $199,999",15150,2317347466.41,54509731.11
2008,Staten Island,"$20,000 - $29,999",22545,586692161.99,21823998.64
2008,Staten Island,"$200,000 or more",8624,2784601838.7,41516779.47
2008,Staten Island,"$30,000 - $39,999",22220,829741547.75,28239725.79
2008,Staten Island,"$40,000 - $49,999",17705,841889430.31,30481177.57
2008,Staten Island,"$5,000 - $9,999",11648,82948958.71,2996738.17
2008,Staten Island,"$50,000 - $74,999",30830,1912164468.72,76584817.02
2008,Staten Island,"$75,000 - $99,999",18247,1414136058.26,56087615.89
2008,Staten Island,"Under $5,000",11441,25891615.06,782004.33
2008,Suffolk,"$10,000 - $19,999",83076,1229490040.31,43809455.19
2008,Suffolk,"$100,000 - $199,999",67903,9878591957.21,271700459.03
2008,Suffolk,"$20,000 - $29,999",80694,2167658869.06,69673293.68
2008,Suffolk,"$200,000 or more",36891,10091010779.12,165570127.84
2008,Suffolk,"$30,000 - $39,999",78882,2853343249.22,101173367.34
2008,Suffolk,"$40,000 - $49,999",69182,3475377412.06,118722653.49
2008,Suffolk,"$5,000 - $9,999",39750,292928017.15,11320581.49
2008,Suffolk,"$50,000 - $74,999",112116,7094937065.95,298981651.38
2008,Suffolk,"$75,000 - $99,999",72502,6219230107.06,243895726.76
2008,Suffolk,"Under $5,000",36113,98840459.23,2616031.72
2008,Tioga,"$10,000 - $19,999",3792,62742814.95,1596466.55
2008,Tioga,"$100,000 - $199,999",1631,220699527.07,4712299.82
2008,Tioga,"$20,000 - $29,999",3192,79628848.88,2004248.03
2008,Tioga,"$200,000 or more",731,233876984.16,2763503.32
2008,Tioga,"$30,000 - $39,999",2802,102857721.33,2935643.54
2008,Tioga,"$40,000 - $49,999",2121,93315723.59,2970802.56
2008,Tioga,"$5,000 - $9,999",1997,15246010.85,390868.32
2008,Tioga,"$50,000 - $74,999",3531,215081651.77,6197151.29
2008,Tioga,"$75,000 - $99,999",1868,158005789.91,3960756.42
2008,Tioga,"Under $5,000",2184,5936875.73,120859.24
2008,Tompkins,"$10,000 - $19,999",6303,101763399.93,2974450.24
2008,Tompkins,"$100,000 - $199,999",3541,486486123.5,11358476.89
2008,Tompkins,"$20,000 - $29,999",6316,138882603.79,4885621.18
2008,Tompkins,"$200,000 or more",1687,514468357.75,6603435.43
2008,Tompkins,"$30,000 - $39,999",5645,195249015.39,6033916.97
2008,Tompkins,"$40,000 - $49,999",4435,201344168.85,6795617.34
2008,Tompkins,"$5,000 - $9,999",3241,24493629.67,644988.38
2008,Tompkins,"$50,000 - $74,999",6701,425056892.73,14058685.26
2008,Tompkins,"$75,000 - $99,999",3675,315638066.18,9701987.12
2008,Tompkins,"Under $5,000",3144,7761594.09,200821.77
2008,Westchester,"$10,000 - $19,999",42115,657056726.38,31063743.89
2008,Westchester,"$100,000 - $199,999",53590,7643390219.28,274251771.2
2008,Westchester,"$20,000 - $29,999",41055,1090636008.21,51472950.96
2008,Westchester,"$200,000 or more",33986,10862022728.77,217569568.2
2008,Westchester,"$30,000 - $39,999",45445,1542747960.55,82800641.34
2008,Westchester,"$40,000 - $49,999",44857,1966347414.8,112211953.7
2008,Westchester,"$5,000 - $9,999",17882,146146494.1,6166616.7
2008,Westchester,"$50,000 - $74,999",85970,5310259352.32,301537948.93
2008,Westchester,"$75,000 - $99,999",51359,4461767869.71,222766898.37
2008,Westchester,"Under $5,000",14175,36122972.95,1302204.49
2008,Yates,"$10,000 - $19,999",1781,25313650.55,669065.53
2008,Yates,"$100,000 - $199,999",749,109570154.57,2005940.78
2008,Yates,"$20,000 - $29,999",1646,41349955.95,1148777.05
2008,Yates,"$200,000 or more",341,96388930.5,1063172.94
2008,Yates,"$30,000 - $39,999",1441,46845918.6,1343919.83
2008,Yates,"$40,000 - $49,999",1124,49991941.96,1593286.58
2008,Yates,"$5,000 - $9,999",1002,7715350.81,209262.75
2008,Yates,"$50,000 - $74,999",1606,94780242.69,3012564.11
2008,Yates,"$75,000 - $99,999",867,75567286.11,1945967.5
2008,Yates,"Under $5,000",1032,2501858.17,55472.52
2009,Albany,"$10,000 - $19,999",18701,284117495.83,9184027.64
2009,Albany,"$100,000 - $199,999",12965,1950630649.96,41581345.03
2009,Albany,"$20,000 - $29,999",20050,536269179.02,16441199.31
2009,Albany,"$200,000 or more",6569,1846433985.91,29532508.27
2009,Albany,"$30,000 - $39,999",18705,655069664.71,22583164.62
2009,Albany,"$40,000 - $49,999",15513,705199495.9,23383973.39
2009,Albany,"$5,000 - $9,999",9421,75626389.57,2218343.49
2009,Albany,"$50,000 - $74,999",23350,1381727728.61,50998811.37
2009,Albany,"$75,000 - $99,999",14403,1285528088.61,38745232.46
2009,Albany,"Under $5,000",9338,25452974.07,651134.78
2009,Bronx,"$10,000 - $19,999",91740,1351152860.86,32596078.6
2009,Bronx,"$100,000 - $199,999",24561,3519869545.37,60844996.02
2009,Bronx,"$20,000 - $29,999",79019,1980299767.58,45096417.54
2009,Bronx,"$200,000 or more",10139,3093316390.35,31125091.05
2009,Bronx,"$30,000 - $39,999",61206,2272542717.92,57204226.12
2009,Bronx,"$40,000 - $49,999",40077,1609261477.76,49123975.43
2009,Bronx,"$5,000 - $9,999",55048,433185660.45,8827666.13
2009,Bronx,"$50,000 - $74,999",66996,4312473851.67,111109085.78
2009,Bronx,"$75,000 - $99,999",29049,2499706518.49,52468823.11
2009,Bronx,"Under $5,000",59823,151239047.28,3006837.53
2009,Brooklyn,"$10,000 - $19,999",124221,1903922659.92,54649231.17
2009,Brooklyn,"$100,000 - $199,999",65779,10164613917.66,210470674.46
2009,Brooklyn,"$20,000 - $29,999",116345,2978606511.56,85295904.68
2009,Brooklyn,"$200,000 or more",32485,10620038573.82,114046514.04
2009,Brooklyn,"$30,000 - $39,999",107396,3661486066.86,122468733.34
2009,Brooklyn,"$40,000 - $49,999",85160,4128545490.33,127659187.69
2009,Brooklyn,"$5,000 - $9,999",58887,450068915.43,11575918.69
2009,Brooklyn,"$50,000 - $74,999",128853,7870248257.23,266984034.85
2009,Brooklyn,"$75,000 - $99,999",74693,6674630486.64,187558720.69
2009,Brooklyn,"Under $5,000",67447,147779150.41,4246804.68
2009,Broome,"$10,000 - $19,999",14550,222781244.49,6218502.94
2009,Broome,"$100,000 - $199,999",7212,1112492884.39,21172782.44
2009,Broome,"$20,000 - $29,999",12762,331781218.61,8916095.0
2009,Broome,"$200,000 or more",3213,991577334.82,12933747.04
2009,Broome,"$30,000 - $39,999",11116,371923699.22,10533095.49
2009,Broome,"$40,000 - $49,999",8926,412331815.93,12515512.32
2009,Broome,"$5,000 - $9,999",7274,58191398.7,1475875.41
2009,Broome,"$50,000 - $74,999",13755,891588463.94,24909360.15
2009,Broome,"$75,000 - $99,999",7413,630202782.4,16701102.17
2009,Broome,"Under $5,000",7293,18192035.85,455202.39
2009,Cayuga,"$10,000 - $19,999",5729,86517557.41,2245681.15
2009,Cayuga,"$100,000 - $199,999",2452,354688009.75,7078803.68
2009,Cayuga,"$20,000 - $29,999",4879,124750674.24,3529948.87
2009,Cayuga,"$200,000 or more",1138,336643594.63,3781385.03
2009,Cayuga,"$30,000 - $39,999",4311,149179008.87,4521421.75
2009,Cayuga,"$40,000 - $49,999",3242,134572134.14,4295834.09
2009,Cayuga,"$5,000 - $9,999",3100,21464545.2,557194.52
2009,Cayuga,"$50,000 - $74,999",5337,350463599.23,9772762.77
2009,Cayuga,"$75,000 - $99,999",2622,233644897.48,6038351.22
2009,Cayuga,"Under $5,000",3034,7551200.77,186435.18
2009,Chemung,"$10,000 - $19,999",6019,86705301.92,2417349.92
2009,Chemung,"$100,000 - $199,999",2546,390049340.49,7134693.95
2009,Chemung,"$20,000 - $29,999",5644,141578229.33,3671273.21
2009,Chemung,"$200,000 or more",1261,399059542.47,4392383.09
2009,Chemung,"$30,000 - $39,999",4754,166157069.23,4688583.53
2009,Chemung,"$40,000 - $49,999",3735,169706315.52,4926560.66
2009,Chemung,"$5,000 - $9,999",3038,22835429.95,576009.11
2009,Chemung,"$50,000 - $74,999",6139,428441705.04,10860384.9
2009,Chemung,"$75,000 - $99,999",2980,254009953.93,6719283.29
2009,Chemung,"Under $5,000",3455,8880612.0,187126.94
2009,Cortland,"$10,000 - $19,999",3524,56901264.45,1460829.06
2009,Cortland,"$100,000 - $199,999",1558,248975243.89,3988534.25
2009,Cortland,"$20,000 - $29,999",2899,73140877.58,2053020.96
2009,Cortland,"$200,000 or more",739,237446475.98,2562956.08
2009,Cortland,"$30,000 - $39,999",2796,97502397.72,2878743.66
2009,Cortland,"$40,000 - $49,999",2138,98061699.95,2755112.97
2009,Cortland,"$5,000 - $9,999",1887,14612657.35,353615.03
2009,Cortland,"$50,000 - $74,999",3022,181325559.74,5441865.06
2009,Cortland,"$75,000 - $99,999",1809,150840689.04,4192269.6
2009,Cortland,"Under $5,000",1872,5243282.33,102330.52
2009,Dutchess,"$10,000 - $19,999",18331,268520020.69,9277878.39
2009,Dutchess,"$100,000 - $199,999",13294,1836999546.24,50111672.83
2009,Dutchess,"$20,000 - $29,999",17504,449155452.69,15865625.38
2009,Dutchess,"$200,000 or more",6455,1767181159.51,26222794.62
2009,Dutchess,"$30,000 - $39,999",15463,535362024.19,20758402.7
2009,Dutchess,"$40,000 - $49,999",14944,680663318.44,25022565.65
2009,Dutchess,"$5,000 - $9,999",9173,72988628.14,1936864.85
2009,Dutchess,"$50,000 - $74,999",22316,1316994460.47,51652746.07
2009,Dutchess,"$75,000 - $99,999",14334,1293876153.35,37716517.26
2009,Dutchess,"Under $5,000",8281,21906389.63,616838.32
2009,Erie,"$10,000 - $19,999",64844,992404712.64,27533132.0
2009,Erie,"$100,000 - $199,999",31643,4551011487.82,101029684.96
2009,Erie,"$20,000 - $29,999",51723,1244723362.21,37868772.92
2009,Erie,"$200,000 or more",16287,4953241580.55,55686916.19
2009,Erie,"$30,000 - $39,999",49688,1724325147.17,56773819.14
2009,Erie,"$40,000 - $49,999",40616,1828930046.96,59617830.25
2009,Erie,"$5,000 - $9,999",31159,251909007.71,6398522.42
2009,Erie,"$50,000 - $74,999",60481,3921707759.63,116790376.99
2009,Erie,"$75,000 - $99,999",37975,3104641945.01,101468003.33
2009,Erie,"Under $5,000",32231,75788749.96,2176849.27
2009,"Grand Total, Full-Year Resident",All Classes,6581987,419788766629.94,13380198652.41
2009,Hamilton,"$10,000 - $19,999",396,6253975.92,153901.3
2009,Hamilton,"$100,000 - $199,999",188,25419261.08,546841.84
2009,Hamilton,"$20,000 - $29,999",358,9647305.83,271177.09
2009,Hamilton,"$200,000 or more",92,27638502.67,368398.89
2009,Hamilton,"$30,000 - $39,999",301,11446269.07,340016.83
2009,Hamilton,"$40,000 - $49,999",268,12702662.17,405184.86
2009,Hamilton,"$5,000 - $9,999",191,1273337.49,37949.47
2009,Hamilton,"$50,000 - $74,999",394,26149711.84,744459.36
2009,Hamilton,"$75,000 - $99,999",216,18950088.96,499428.73
2009,Hamilton,"Under $5,000",205,495065.88,10351.13
2009,Madison,"$10,000 - $19,999",4858,67891214.42,1899524.48
2009,Madison,"$100,000 - $199,999",2165,295876402.25,6643947.83
2009,Madison,"$20,000 - $29,999",4273,104113191.8,2915677.15
2009,Madison,"$200,000 or more",1007,304477135.77,3210038.94
2009,Madison,"$30,000 - $39,999",3720,145122459.89,3982478.3
2009,Madison,"$40,000 - $49,999",3071,150285482.09,4441277.4
2009,Madison,"$5,000 - $9,999",2388,16308043.09,454970.12
2009,Madison,"$50,000 - $74,999",4707,304765219.17,8667869.23
2009,Madison,"$75,000 - $99,999",2551,227227416.65,5961988.03
2009,Madison,"Under $5,000",2559,6657709.71,146291.5
2009,Manhattan,"$10,000 - $19,999",42027,622026141.25,45184316.66
2009,Manhattan,"$100,000 - $199,999",116454,18148377491.88,783542686.85
2009,Manhattan,"$20,000 - $29,999",51227,1323557645.44,78988673.44
2009,Manhattan,"$200,000 or more",72810,22383771750.84,668109386.94
2009,Manhattan,"$30,000 - $39,999",59513,2254046838.53,155534904.37
2009,Manhattan,"$40,000 - $49,999",61036,2728649417.55,196814417.62
2009,Manhattan,"$5,000 - $9,999",17345,133119849.07,7509890.0
2009,Manhattan,"$50,000 - $74,999",134431,9160932488.43,594013002.89
2009,Manhattan,"$75,000 - $99,999",99797,8469249066.52,583898981.62
2009,Manhattan,"Under $5,000",11846,29727347.33,1425749.94
2009,Monroe,"$10,000 - $19,999",49105,778047195.0,21672326.88
2009,Monroe,"$100,000 - $199,999",27458,4359840255.57,100387757.37
2009,Monroe,"$20,000 - $29,999",43900,1128124525.03,32411413.66
2009,Monroe,"$200,000 or more",14445,4337487400.01,62311511.43
2009,Monroe,"$30,000 - $39,999",42196,1383288256.95,51121797.02
2009,Monroe,"$40,000 - $49,999",32412,1503766623.85,58980988.12
2009,Monroe,"$5,000 - $9,999",23115,170754131.98,4893164.8
2009,Monroe,"$50,000 - $74,999",54745,3074745975.59,126947279.92
2009,Monroe,"$75,000 - $99,999",29695,2569525077.44,74403192.97
2009,Monroe,"Under $5,000",20869,48293189.13,1368452.44
2009,NYS Unclassified +,All Classes,1255,37041372.31,1145210.69
2009,Nassau,"$10,000 - $19,999",54696,776471307.03,36514287.16
2009,Nassau,"$100,000 - $199,999",74982,10468984088.55,374472906.83
2009,Nassau,"$20,000 - $29,999",61681,1594225666.19,66253149.5
2009,Nassau,"$200,000 or more",42457,12264905327.71,258553333.64
2009,Nassau,"$30,000 - $39,999",62120,2175560796.46,95240791.72
2009,Nassau,"$40,000 - $49,999",70244,3304548928.16,165196367.57
2009,Nassau,"$5,000 - $9,999",25878,191041362.81,9625144.33
2009,Nassau,"$50,000 - $74,999",110273,7169774220.05,341032395.85
2009,Nassau,"$75,000 - $99,999",73121,5959049652.77,282801133.09
2009,Nassau,"Under $5,000",22420,56962793.69,2270003.75
2009,Onondaga,"$10,000 - $19,999",31517,446644126.86,13866583.59
2009,Onondaga,"$100,000 - $199,999",17627,2582324137.57,56685159.76
2009,Onondaga,"$20,000 - $29,999",27503,751255929.47,20080397.26
2009,Onondaga,"$200,000 or more",9703,2724386326.08,39402655.75
2009,Onondaga,"$30,000 - $39,999",25835,944693937.92,26032240.9
2009,Onondaga,"$40,000 - $49,999",21769,877445457.87,35659968.64
2009,Onondaga,"$5,000 - $9,999",14998,109215807.79,3295207.8
2009,Onondaga,"$50,000 - $74,999",37124,2151116171.93,78198865.26
2009,Onondaga,"$75,000 - $99,999",19898,1729591848.38,51655331.91
2009,Onondaga,"Under $5,000",15578,36032268.73,983557.19
2009,Orange,"$10,000 - $19,999",20874,298694436.37,10184267.77
2009,Orange,"$100,000 - $199,999",12941,1788707722.78,47066906.82
2009,Orange,"$20,000 - $29,999",18190,453598144.0,15294592.19
2009,Orange,"$200,000 or more",6536,1986745679.87,28309736.74
2009,Orange,"$30,000 - $39,999",20062,690755240.15,25134690.26
2009,Orange,"$40,000 - $49,999",15251,701375185.03,25505804.36
2009,Orange,"$5,000 - $9,999",11003,82553367.73,2404274.48
2009,Orange,"$50,000 - $74,999",25222,1578496024.34,57084051.57
2009,Orange,"$75,000 - $99,999",15467,1270734273.35,40568827.66
2009,Orange,"Under $5,000",9975,27523928.11,638796.27
2009,Queens,"$10,000 - $19,999",99265,1506379883.84,47681986.19
2009,Queens,"$100,000 - $199,999",68123,11138030769.3,258633748.95
2009,Queens,"$20,000 - $29,999",98087,2602878691.5,78521169.3
2009,Queens,"$200,000 or more",33298,10608027569.22,148300269.75
2009,Queens,"$30,000 - $39,999",90821,3170129839.79,117515457.16
2009,Queens,"$40,000 - $49,999",79069,3653869788.37,135402093.71
2009,Queens,"$5,000 - $9,999",51704,380595681.62,12879485.04
2009,Queens,"$50,000 - $74,999",125984,7892273132.43,302940976.17
2009,Queens,"$75,000 - $99,999",67426,5936646530.09,195007646.28
2009,Queens,"Under $5,000",47411,120246493.79,3408435.59
2009,Residence Unknown ++,All Classes,814,17570800.05,565737.29
2009,Rockland,"$10,000 - $19,999",13831,194632361.47,8271981.71
2009,Rockland,"$100,000 - $199,999",14055,2212261439.5,63472759.5
2009,Rockland,"$20,000 - $29,999",14117,365587357.58,11954358.04
2009,Rockland,"$200,000 or more",7629,2280321019.44,40143909.87
2009,Rockland,"$30,000 - $39,999",14897,514924758.18,20686784.32
2009,Rockland,"$40,000 - $49,999",13896,566762415.23,27620940.5
2009,Rockland,"$5,000 - $9,999",6632,48585790.56,1709081.64
2009,Rockland,"$50,000 - $74,999",23504,1476421237.59,59203483.28
2009,Rockland,"$75,000 - $99,999",15297,1368190671.59,49835287.49
2009,Rockland,"Under $5,000",5342,12904801.64,426680.05
2009,Schuyler,"$10,000 - $19,999",1471,23747537.26,600140.65
2009,Schuyler,"$100,000 - $199,999",560,89568980.05,1700721.85
2009,Schuyler,"$20,000 - $29,999",1333,32363045.01,911749.21
2009,Schuyler,"$200,000 or more",268,73150688.77,892093.53
2009,Schuyler,"$30,000 - $39,999",1090,39623792.44,1126080.27
2009,Schuyler,"$40,000 - $49,999",823,35849957.76,1040113.14
2009,Schuyler,"$5,000 - $9,999",802,5816161.78,154821.87
2009,Schuyler,"$50,000 - $74,999",1410,86153045.56,2906959.51
2009,Schuyler,"$75,000 - $99,999",671,57996063.82,1589596.36
2009,Schuyler,"Under $5,000",837,2043797.32,47466.25
2009,Seneca,"$10,000 - $19,999",2615,38028977.4,1056478.62
2009,Seneca,"$100,000 - $199,999",944,138518200.8,2789118.38
2009,Seneca,"$20,000 - $29,999",2277,58630214.33,1546642.15
2009,Seneca,"$200,000 or more",479,158617389.82,1587658.92
2009,Seneca,"$30,000 - $39,999",1934,65488897.34,1819686.62
2009,Seneca,"$40,000 - $49,999",1406,57691932.14,1919347.52
2009,Seneca,"$5,000 - $9,999",1366,10828777.36,271454.38
2009,Seneca,"$50,000 - $74,999",2282,143507066.57,3833019.87
2009,Seneca,"$75,000 - $99,999",1134,96916162.89,2362914.5
2009,Seneca,"Under $5,000",1358,3546384.69,76039.02
2009,Staten Island,"$10,000 - $19,999",22294,304454602.16,10112709.62
2009,Staten Island,"$100,000 - $199,999",15822,2318588566.38,51491868.59
2009,Staten Island,"$20,000 - $29,999",21929,563504207.22,16069361.33
2009,Staten Island,"$200,000 or more",7919,2282721666.11,31166207.44
2009,Staten Island,"$30,000 - $39,999",23039,801492611.26,29595146.21
2009,Staten Island,"$40,000 - $49,999",17321,740196706.01,27852631.71
2009,Staten Island,"$5,000 - $9,999",11544,93148473.43,2632534.08
2009,Staten Island,"$50,000 - $74,999",28897,1829854336.23,65845153.14
2009,Staten Island,"$75,000 - $99,999",18230,1491037615.03,51511671.18
2009,Staten Island,"Under $5,000",11542,31018972.49,797283.05
2009,Suffolk,"$10,000 - $19,999",84362,1266490286.44,46833432.67
2009,Suffolk,"$100,000 - $199,999",67225,10679159173.49,278579647.64
2009,Suffolk,"$20,000 - $29,999",81140,2378071412.02,84340135.91
2009,Suffolk,"$200,000 or more",34283,9620574263.46,166961154.15
2009,Suffolk,"$30,000 - $39,999",76235,2688492974.28,96565940.94
2009,Suffolk,"$40,000 - $49,999",70716,3213443717.73,132503131.68
2009,Suffolk,"$5,000 - $9,999",40670,317430014.9,9128453.16
2009,Suffolk,"$50,000 - $74,999",123770,7101548648.95,309668873.39
2009,Suffolk,"$75,000 - $99,999",72102,6139803762.68,224254881.85
2009,Suffolk,"Under $5,000",36244,91302630.69,2853278.81
2009,Tioga,"$10,000 - $19,999",3454,51004399.27,1363603.06
2009,Tioga,"$100,000 - $199,999",1474,194075413.21,4174987.45
2009,Tioga,"$20,000 - $29,999",3173,74699796.22,2045420.08
2009,Tioga,"$200,000 or more",761,216245100.38,2901298.94
2009,Tioga,"$30,000 - $39,999",3016,114988783.6,3225534.75
2009,Tioga,"$40,000 - $49,999",2424,110420463.24,3412348.76
2009,Tioga,"$5,000 - $9,999",1842,12596266.73,338292.34
2009,Tioga,"$50,000 - $74,999",3175,190963901.18,5935218.39
2009,Tioga,"$75,000 - $99,999",1791,156980377.52,3603443.0
2009,Tioga,"Under $5,000",1949,5206529.99,107648.16
2009,Tompkins,"$10,000 - $19,999",6504,103443950.82,3057312.39
2009,Tompkins,"$100,000 - $199,999",3432,485499431.17,11223913.38
2009,Tompkins,"$20,000 - $29,999",5693,147769942.87,4207787.04
2009,Tompkins,"$200,000 or more",1776,519170386.57,6299823.64
2009,Tompkins,"$30,000 - $39,999",5251,201300517.62,5913430.94
2009,Tompkins,"$40,000 - $49,999",4158,194073201.22,6145946.1
2009,Tompkins,"$5,000 - $9,999",2988,22197390.46,634221.85
2009,Tompkins,"$50,000 - $74,999",6769,391082255.31,13446770.05
2009,Tompkins,"$75,000 - $99,999",4019,350487222.3,9772542.89
2009,Tompkins,"Under $5,000",3444,8953475.99,217822.27
2009,Westchester,"$10,000 - $19,999",40507,652277641.77,27045505.69
2009,Westchester,"$100,000 - $199,999",58284,8512060985.13,298013070.33
2009,Westchester,"$20,000 - $29,999",43148,1100078520.19,48655091.17
2009,Westchester,"$200,000 or more",32334,9388005084.22,183619058.49
2009,Westchester,"$30,000 - $39,999",47394,1601134204.81,86597211.14
2009,Westchester,"$40,000 - $49,999",42421,1898051783.33,101854386.86
2009,Westchester,"$5,000 - $9,999",16716,118724592.14,5111754.07
2009,Westchester,"$50,000 - $74,999",83066,5325620807.94,256709880.87
2009,Westchester,"$75,000 - $99,999",54697,4726365113.19,213744291.01
2009,Westchester,"Under $5,000",15028,37307398.95,1229386.07
2009,Yates,"$10,000 - $19,999",1770,25754680.28,689814.07
2009,Yates,"$100,000 - $199,999",705,100944041.06,1978984.44
2009,Yates,"$20,000 - $29,999",1697,40608300.52,1077943.17
2009,Yates,"$200,000 or more",362,109596765.45,1144973.03
2009,Yates,"$30,000 - $39,999",1387,49095686.78,1201727.26
2009,Yates,"$40,000 - $49,999",1007,45526655.18,1237845.6
2009,Yates,"$5,000 - $9,999",958,6703904.75,175218.95
2009,Yates,"$50,000 - $74,999",1611,103043801.57,2904758.17
2009,Yates,"$75,000 - $99,999",904,77183580.73,1877970.18
2009,Yates,"Under $5,000",1033,2600827.82,50690.71
2010,Albany,"$10,000 - $19,999",20993,320367730.93,11470788.84
2010,Albany,"$100,000 - $199,999",12139,1792028279.11,49169373.25
2010,Albany,"$20,000 - $29,999",19204,489291495.53,17506340.28
2010,Albany,"$200,000 or more",6435,1951582528.39,29991143.23
2010,Albany,"$30,000 - $39,999",17478,652399800.06,21352039.4
2010,Albany,"$40,000 - $49,999",15019,714067530.58,27685265.01
2010,Albany,"$5,000 - $9,999",9533,67726500.44,2298967.38
2010,Albany,"$50,000 - $74,999",24345,1511535973.12,62633562.13
2010,Albany,"$75,000 - $99,999",13849,1138698847.03,45454891.26
2010,Albany,"Under $5,000",9344,22393548.22,663637.61
2010,Bronx,"$10,000 - $19,999",89751,1385171541.88,35134293.59
2010,Bronx,"$100,000 - $199,999",24028,3710688587.4,64633584.92
2010,Bronx,"$20,000 - $29,999",75983,2000118373.76,46597429.43
2010,Bronx,"$200,000 or more",10156,3133516592.41,33945279.18
2010,Bronx,"$30,000 - $39,999",61394,2128858753.85,58783697.2
2010,Bronx,"$40,000 - $49,999",43117,1926976534.31,59986201.34
2010,Bronx,"$5,000 - $9,999",53716,376960850.99,8936799.34
2010,Bronx,"$50,000 - $74,999",58959,3762847683.18,95304702.04
2010,Bronx,"$75,000 - $99,999",29106,2591064271.04,63734566.57
2010,Bronx,"Under $5,000",61812,164407195.87,3049059.63
2010,Brooklyn,"$10,000 - $19,999",119665,1807035814.81,58328480.27
2010,Brooklyn,"$100,000 - $199,999",64362,9426344116.24,240190222.29
2010,Brooklyn,"$20,000 - $29,999",124115,3208617547.79,100605694.39
2010,Brooklyn,"$200,000 or more",33256,10173925030.56,147889209.33
2010,Brooklyn,"$30,000 - $39,999",108259,3934464955.02,125948399.61
2010,Brooklyn,"$40,000 - $49,999",89307,4051645195.76,167484979.61
2010,Brooklyn,"$5,000 - $9,999",62599,485851114.27,14711691.0
2010,Brooklyn,"$50,000 - $74,999",157154,9714482073.78,364610099.31
2010,Brooklyn,"$75,000 - $99,999",78163,7383145698.89,224649012.06
2010,Brooklyn,"Under $5,000",64173,162659300.12,4207485.14
2010,Broome,"$10,000 - $19,999",13735,197977219.53,6968503.93
2010,Broome,"$100,000 - $199,999",6792,1111385979.06,22690430.47
2010,Broome,"$20,000 - $29,999",12943,328497577.5,9866132.51
2010,Broome,"$200,000 or more",3400,995700273.77,12810065.7
2010,Broome,"$30,000 - $39,999",11635,392719761.38,14339550.48
2010,Broome,"$40,000 - $49,999",8942,389941813.2,14571935.62
2010,Broome,"$5,000 - $9,999",7138,57752998.98,1526236.32
2010,Broome,"$50,000 - $74,999",14260,926440392.02,29941965.41
2010,Broome,"$75,000 - $99,999",7907,690530624.71,19690379.82
2010,Broome,"Under $5,000",7572,19868050.26,521043.41
2010,Cayuga,"$10,000 - $19,999",5536,83629254.5,2362261.19
2010,Cayuga,"$100,000 - $199,999",2387,376876944.16,7228982.27
2010,Cayuga,"$20,000 - $29,999",5250,116843488.33,3923195.33
2010,Cayuga,"$200,000 or more",1183,352002537.6,4772311.68
2010,Cayuga,"$30,000 - $39,999",4280,151584371.41,4610935.01
2010,Cayuga,"$40,000 - $49,999",3572,176784862.27,5805151.5
2010,Cayuga,"$5,000 - $9,999",2853,20876080.41,581207.17
2010,Cayuga,"$50,000 - $74,999",5189,317042439.1,10652911.82
2010,Cayuga,"$75,000 - $99,999",2866,254053916.86,8624308.94
2010,Cayuga,"Under $5,000",2941,6949312.54,181219.1
2010,Chemung,"$10,000 - $19,999",6138,88253376.23,3162966.29
2010,Chemung,"$100,000 - $199,999",2678,415540375.75,8552003.44
2010,Chemung,"$20,000 - $29,999",5578,132148659.84,4298138.3
2010,Chemung,"$200,000 or more",1323,382409228.29,5234300.06
2010,Chemung,"$30,000 - $39,999",4685,165824308.03,5102292.94
2010,Chemung,"$40,000 - $49,999",3782,175381468.97,5725997.56
2010,Chemung,"$5,000 - $9,999",3595,27966899.0,767137.25
2010,Chemung,"$50,000 - $74,999",5898,374805221.91,11639768.31
2010,Chemung,"$75,000 - $99,999",3234,271750908.21,8916049.42
2010,Chemung,"Under $5,000",3454,8607623.62,214187.1
2010,Cortland,"$10,000 - $19,999",3619,54047114.76,1524416.3
2010,Cortland,"$100,000 - $199,999",1508,235751481.02,4073570.92
2010,Cortland,"$20,000 - $29,999",3234,81681776.27,2314329.36
2010,Cortland,"$200,000 or more",723,202936384.93,2736396.96
2010,Cortland,"$30,000 - $39,999",2839,105398422.36,2703240.66
2010,Cortland,"$40,000 - $49,999",2287,98398814.5,3144620.85
2010,Cortland,"$5,000 - $9,999",1994,16048438.28,440502.58
2010,Cortland,"$50,000 - $74,999",3339,198580702.12,6716883.51
2010,Cortland,"$75,000 - $99,999",1874,162371846.9,4571470.77
2010,Cortland,"Under $5,000",1949,4741805.7,106466.36
2010,Dutchess,"$10,000 - $19,999",18051,276053360.65,9085271.36
2010,Dutchess,"$100,000 - $199,999",12796,1941346174.14,52478953.62
2010,Dutchess,"$20,000 - $29,999",16664,379256317.78,14103461.58
2010,Dutchess,"$200,000 or more",6488,1792656326.81,29356377.64
2010,Dutchess,"$30,000 - $39,999",17561,625432931.67,24192627.48
2010,Dutchess,"$40,000 - $49,999",14090,589148248.15,26787377.14
2010,Dutchess,"$5,000 - $9,999",8582,60190658.76,2366266.07
2010,Dutchess,"$50,000 - $74,999",23322,1429939319.13,60837597.6
2010,Dutchess,"$75,000 - $99,999",13513,1236496631.82,43590093.14
2010,Dutchess,"Under $5,000",8349,20861289.71,651436.58
2010,Erie,"$10,000 - $19,999",57747,827943469.72,26150766.37
2010,Erie,"$100,000 - $199,999",31308,4541063719.54,111957824.23
2010,Erie,"$20,000 - $29,999",56489,1406884803.58,43796705.66
2010,Erie,"$200,000 or more",15956,4711812508.82,70842652.22
2010,Erie,"$30,000 - $39,999",53089,1816667475.3,63675233.28
2010,Erie,"$40,000 - $49,999",42694,1814934301.57,69085503.37
2010,Erie,"$5,000 - $9,999",31387,224659261.67,7119962.59
2010,Erie,"$50,000 - $74,999",66604,4071825089.39,148481926.69
2010,Erie,"$75,000 - $99,999",36693,3135359588.78,104221468.63
2010,Erie,"Under $5,000",30905,81207016.31,2156957.04
2010,"Grand Total, Full-Year Resident",All Classes,6680205,420240983632.36,15212767302.53
2010,Hamilton,"$10,000 - $19,999",377,5732093.48,134536.71
2010,Hamilton,"$100,000 - $199,999",190,27324449.56,522646.58
2010,Hamilton,"$20,000 - $29,999",331,8557549.69,219026.72
2010,Hamilton,"$200,000 or more",88,26817133.4,306188.22
2010,Hamilton,"$30,000 - $39,999",298,10543744.05,295770.61
2010,Hamilton,"$40,000 - $49,999",272,11712424.68,374615.74
2010,Hamilton,"$5,000 - $9,999",193,1402466.07,39129.98
2010,Hamilton,"$50,000 - $74,999",425,25953913.69,816820.76
2010,Hamilton,"$75,000 - $99,999",217,18559568.85,540905.4
2010,Hamilton,"Under $5,000",204,512152.49,11232.37
2010,Madison,"$10,000 - $19,999",4842,71253393.64,2240597.19
2010,Madison,"$100,000 - $199,999",2178,333089099.75,7257473.73
2010,Madison,"$20,000 - $29,999",4229,106498873.21,3211684.06
2010,Madison,"$200,000 or more",1081,316204254.0,4282362.93
2010,Madison,"$30,000 - $39,999",3973,132095947.23,4551744.01
2010,Madison,"$40,000 - $49,999",2854,125655675.05,4612132.51
2010,Madison,"$5,000 - $9,999",2414,18484825.26,548642.09
2010,Madison,"$50,000 - $74,999",4774,293637852.0,9874546.0
2010,Madison,"$75,000 - $99,999",2493,204954069.42,6816633.09
2010,Madison,"Under $5,000",2530,6848311.64,154878.13
2010,Manhattan,"$10,000 - $19,999",42143,671766134.76,53004163.82
2010,Manhattan,"$100,000 - $199,999",113118,16810310450.75,919372302.84
2010,Manhattan,"$20,000 - $29,999",48961,1196734703.36,84339180.57
2010,Manhattan,"$200,000 or more",72432,19973507952.68,705340273.09
2010,Manhattan,"$30,000 - $39,999",61430,2171008856.1,164779634.97
2010,Manhattan,"$40,000 - $49,999",65732,2694702957.67,245777115.48
2010,Manhattan,"$5,000 - $9,999",16407,130899290.37,8432864.98
2010,Manhattan,"$50,000 - $74,999",135006,8479785461.07,756680756.7
2010,Manhattan,"$75,000 - $99,999",98356,8271183385.51,592612586.29
2010,Manhattan,"Under $5,000",12036,30596113.95,1847536.53
2010,Monroe,"$10,000 - $19,999",47610,737219141.96,23155076.51
2010,Monroe,"$100,000 - $199,999",28024,4319912912.44,98717576.52
2010,Monroe,"$20,000 - $29,999",45295,1066938155.22,37953773.59
2010,Monroe,"$200,000 or more",13981,3982442464.92,62044803.96
2010,Monroe,"$30,000 - $39,999",41536,1465548442.94,55221878.2
2010,Monroe,"$40,000 - $49,999",35282,1724066488.22,60474387.47
2010,Monroe,"$5,000 - $9,999",23468,188038664.95,5319115.16
2010,Monroe,"$50,000 - $74,999",56276,3485522225.72,134135443.92
2010,Monroe,"$75,000 - $99,999",31408,2810414280.95,95563698.11
2010,Monroe,"Under $5,000",21961,54238038.67,1411170.59
2010,NYS Unclassified +,All Classes,2204,62036397.83,1726545.04
2010,Nassau,"$10,000 - $19,999",59171,884632342.48,42016743.36
2010,Nassau,"$100,000 - $199,999",78672,11435471481.2,419701841.38
2010,Nassau,"$20,000 - $29,999",65292,1599359960.61,84047012.66
2010,Nassau,"$200,000 or more",48003,13816270874.24,309803308.47
2010,Nassau,"$30,000 - $39,999",67583,2368477539.46,133516213.27
2010,Nassau,"$40,000 - $49,999",64467,2624577652.55,165805732.36
2010,Nassau,"$5,000 - $9,999",26070,220275998.87,9163780.38
2010,Nassau,"$50,000 - $74,999",123771,7447295642.73,449660480.43
2010,Nassau,"$75,000 - $99,999",77984,7167444606.34,305828160.56
2010,Nassau,"Under $5,000",21025,50686176.43,2167332.02
2010,Onondaga,"$10,000 - $19,999",32116,465505634.02,15985582.85
2010,Onondaga,"$100,000 - $199,999",16871,2523640207.35,60855287.85
2010,Onondaga,"$20,000 - $29,999",28462,768776402.65,23958980.5
2010,Onondaga,"$200,000 or more",9597,2644803125.49,41321199.27
2010,Onondaga,"$30,000 - $39,999",27802,969072800.06,34556751.93
2010,Onondaga,"$40,000 - $49,999",22168,1062961802.51,41055856.78
2010,Onondaga,"$5,000 - $9,999",15954,116901682.74,4306060.64
2010,Onondaga,"$50,000 - $74,999",35607,2166885572.02,86235458.56
2010,Onondaga,"$75,000 - $99,999",20759,1838779830.69,62262283.17
2010,Onondaga,"Under $5,000",17030,42471914.9,1249442.83
2010,Orange,"$10,000 - $19,999",22296,366829288.79,11996580.07
2010,Orange,"$100,000 - $199,999",13443,2098970363.0,49084155.18
2010,Orange,"$20,000 - $29,999",21096,554716934.88,19115412.94
2010,Orange,"$200,000 or more",6855,1980853897.28,33510821.36
2010,Orange,"$30,000 - $39,999",19107,688232810.81,27497345.96
2010,Orange,"$40,000 - $49,999",15415,707008294.53,25836752.42
2010,Orange,"$5,000 - $9,999",10709,78896423.52,2765662.8
2010,Orange,"$50,000 - $74,999",25960,1609195184.28,64674736.02
2010,Orange,"$75,000 - $99,999",15372,1486463859.01,48434685.52
2010,Orange,"Under $5,000",11160,26907409.08,816978.27
2010,Queens,"$10,000 - $19,999",98674,1405840234.52,57297232.98
2010,Queens,"$100,000 - $199,999",68473,9713475249.7,249840848.24
2010,Queens,"$20,000 - $29,999",95588,2450785306.77,87735733.16
2010,Queens,"$200,000 or more",33510,10248814299.72,174644456.89
2010,Queens,"$30,000 - $39,999",91879,3171333857.39,128852094.49
2010,Queens,"$40,000 - $49,999",79917,3656094768.38,156068166.56
2010,Queens,"$5,000 - $9,999",50106,366342090.98,13934805.44
2010,Queens,"$50,000 - $74,999",130075,8437557128.83,345952976.2
2010,Queens,"$75,000 - $99,999",69379,5901140563.31,226953966.27
2010,Queens,"Under $5,000",48792,128655712.52,3469399.67
2010,Residence Unknown ++,All Classes,761,13783203.53,453047.77
2010,Rockland,"$10,000 - $19,999",14090,200862340.39,9612065.74
2010,Rockland,"$100,000 - $199,999",13169,2030208113.44,65008921.02
2010,Rockland,"$20,000 - $29,999",14732,387075290.01,17555266.9
2010,Rockland,"$200,000 or more",7382,2207224057.31,46517732.41
2010,Rockland,"$30,000 - $39,999",14150,524020636.79,23323534.29
2010,Rockland,"$40,000 - $49,999",13554,593770184.56,32644487.72
2010,Rockland,"$5,000 - $9,999",6969,49819910.73,2143970.06
2010,Rockland,"$50,000 - $74,999",21779,1223305722.59,67645286.3
2010,Rockland,"$75,000 - $99,999",13949,1180046091.72,53966492.69
2010,Rockland,"Under $5,000",5795,14033155.27,561950.16
2010,Schuyler,"$10,000 - $19,999",1418,23550664.2,566617.24
2010,Schuyler,"$100,000 - $199,999",605,88380958.8,1817720.08
2010,Schuyler,"$20,000 - $29,999",1249,28591773.72,854446.59
2010,Schuyler,"$200,000 or more",275,81584052.45,1037568.42
2010,Schuyler,"$30,000 - $39,999",1047,36217526.26,1130590.57
2010,Schuyler,"$40,000 - $49,999",848,40543492.71,1330672.8
2010,Schuyler,"$5,000 - $9,999",730,5420200.39,144395.2
2010,Schuyler,"$50,000 - $74,999",1209,70222273.96,2508120.45
2010,Schuyler,"$75,000 - $99,999",664,56259689.98,1728122.75
2010,Schuyler,"Under $5,000",799,1965662.37,48169.1
2010,Seneca,"$10,000 - $19,999",2374,37413841.05,991732.29
2010,Seneca,"$100,000 - $199,999",1052,168827579.65,3219893.22
2010,Seneca,"$20,000 - $29,999",2251,59729612.99,1751987.05
2010,Seneca,"$200,000 or more",515,160107835.55,1884389.3
2010,Seneca,"$30,000 - $39,999",1919,72440059.65,1986920.96
2010,Seneca,"$40,000 - $49,999",1518,74757735.58,2335732.04
2010,Seneca,"$5,000 - $9,999",1326,9550505.06,250983.86
2010,Seneca,"$50,000 - $74,999",2180,137170188.32,3965449.68
2010,Seneca,"$75,000 - $99,999",1169,100708228.93,2800258.51
2010,Seneca,"Under $5,000",1298,3123005.74,75585.76
2010,Staten Island,"$10,000 - $19,999",22795,318386406.79,11191424.36
2010,Staten Island,"$100,000 - $199,999",17535,2565367262.4,65803484.16
2010,Staten Island,"$20,000 - $29,999",24216,622750401.34,21996842.4
2010,Staten Island,"$200,000 or more",8237,2250080526.83,35986598.72
2010,Staten Island,"$30,000 - $39,999",22084,838362620.56,29784845.39
2010,Staten Island,"$40,000 - $49,999",19998,908479479.75,38754866.66
2010,Staten Island,"$5,000 - $9,999",11474,79730471.96,2994393.36
2010,Staten Island,"$50,000 - $74,999",30524,2005492611.64,76603633.69
2010,Staten Island,"$75,000 - $99,999",17438,1380913326.45,56805672.33
2010,Staten Island,"Under $5,000",10934,30376436.81,783451.09
2010,Suffolk,"$10,000 - $19,999",87982,1395541428.54,55536373.35
2010,Suffolk,"$100,000 - $199,999",62881,9585136667.46,268452893.39
2010,Suffolk,"$20,000 - $29,999",82121,2174370245.23,87307407.84
2010,Suffolk,"$200,000 or more",37451,9474699199.66,199222667.26
2010,Suffolk,"$30,000 - $39,999",79148,2651944235.12,124907237.81
2010,Suffolk,"$40,000 - $49,999",65786,2995895142.95,146675882.26
2010,Suffolk,"$5,000 - $9,999",39336,299848465.88,12300604.55
2010,Suffolk,"$50,000 - $74,999",122381,7331343812.93,314840785.61
2010,Suffolk,"$75,000 - $99,999",73585,6378368623.92,244596658.82
2010,Suffolk,"Under $5,000",33996,86655496.6,2997429.85
2010,Tioga,"$10,000 - $19,999",3377,51024008.74,1390656.45
2010,Tioga,"$100,000 - $199,999",1659,261950067.57,5080392.92
2010,Tioga,"$20,000 - $29,999",3176,78636843.34,2319871.29
2010,Tioga,"$200,000 or more",730,212300537.27,2824639.8
2010,Tioga,"$30,000 - $39,999",2949,102890358.48,3181241.7
2010,Tioga,"$40,000 - $49,999",2120,87930409.22,3225993.66
2010,Tioga,"$5,000 - $9,999",1983,14266948.74,438948.68
2010,Tioga,"$50,000 - $74,999",3452,231518196.42,7283531.46
2010,Tioga,"$75,000 - $99,999",1836,154548890.63,4854449.04
2010,Tioga,"Under $5,000",2018,5435327.27,121861.56
2010,Tompkins,"$10,000 - $19,999",6165,89872424.09,3130229.26
2010,Tompkins,"$100,000 - $199,999",3543,508996864.67,11965322.29
2010,Tompkins,"$20,000 - $29,999",5589,145527400.67,4844960.33
2010,Tompkins,"$200,000 or more",1714,510420992.57,8153071.7
2010,Tompkins,"$30,000 - $39,999",5318,196344139.25,7315609.34
2010,Tompkins,"$40,000 - $49,999",4168,189756694.3,6623048.4
2010,Tompkins,"$5,000 - $9,999",3289,25734069.8,814306.17
2010,Tompkins,"$50,000 - $74,999",6739,426152876.68,15212370.65
2010,Tompkins,"$75,000 - $99,999",3898,345716666.42,11871232.12
2010,Tompkins,"Under $5,000",3445,8772593.33,215127.1
2010,Westchester,"$10,000 - $19,999",39246,564560779.07,30519744.97
2010,Westchester,"$100,000 - $199,999",59293,9383500324.2,326553821.75
2010,Westchester,"$20,000 - $29,999",41037,971321549.67,52299158.75
2010,Westchester,"$200,000 or more",34519,9459455351.21,221957426.11
2010,Westchester,"$30,000 - $39,999",46759,1671549986.86,91077362.87
2010,Westchester,"$40,000 - $49,999",44987,2168479336.92,125448488.95
2010,Westchester,"$5,000 - $9,999",16886,123676237.98,6433305.02
2010,Westchester,"$50,000 - $74,999",83495,5114319418.48,295149743.09
2010,Westchester,"$75,000 - $99,999",55939,4842190286.84,262810059.09
2010,Westchester,"Under $5,000",14885,38768770.26,1694457.34
2010,Yates,"$10,000 - $19,999",1873,30327633.61,812231.39
2010,Yates,"$100,000 - $199,999",764,111692917.52,2476317.23
2010,Yates,"$20,000 - $29,999",1618,37800051.82,1159217.32
2010,Yates,"$200,000 or more",345,107160609.68,1453987.58
2010,Yates,"$30,000 - $39,999",1446,51285906.82,1527290.28
2010,Yates,"$40,000 - $49,999",1106,50998775.63,1805545.57
2010,Yates,"$5,000 - $9,999",1047,7527257.17,229041.71
2010,Yates,"$50,000 - $74,999",1558,93178194.06,2894220.09
2010,Yates,"$75,000 - $99,999",842,76290100.18,2104530.26
2010,Yates,"Under $5,000",1026,2637025.0,58223.79
2011,Albany,"$10,000 - $19,999",19898,282105294.79,11158256.3
2011,Albany,"$100,000 - $199,999",12922,2124806276.08,58956940.0
2011,Albany,"$20,000 - $29,999",18310,449139198.2,16429965.26
2011,Albany,"$200,000 or more",6237,1839933688.23,28322968.25
2011,Albany,"$30,000 - $39,999",17178,579017650.16,23328780.46
2011,Albany,"$40,000 - $49,999",15181,653269551.42,31463543.27
2011,Albany,"$5,000 - $9,999",9422,76403026.63,2900152.97
2011,Albany,"$50,000 - $74,999",24112,1482615591.33,65960501.79
2011,Albany,"$75,000 - $99,999",14216,1335927583.15,49089475.04
2011,Albany,"Under $5,000",9365,23880608.3,752074.13
2011,Bronx,"$10,000 - $19,999",95043,1412114673.08,34653371.58
2011,Bronx,"$100,000 - $199,999",23024,4071900609.51,63361207.22
2011,Bronx,"$20,000 - $29,999",74302,1818646308.31,50244124.01
2011,Bronx,"$200,000 or more",9665,2961183363.64,32528232.74
2011,Bronx,"$30,000 - $39,999",56151,1931056204.75,55593146.43
2011,Bronx,"$40,000 - $49,999",43295,2208537661.67,61244714.77
2011,Bronx,"$5,000 - $9,999",53892,407191254.44,10368759.36
2011,Bronx,"$50,000 - $74,999",61409,3692971521.65,109559819.12
2011,Bronx,"$75,000 - $99,999",28668,2439434943.82,63723599.05
2011,Bronx,"Under $5,000",56880,142333909.45,3212858.5
2011,Brooklyn,"$10,000 - $19,999",122961,1906967781.13,65368681.86
2011,Brooklyn,"$100,000 - $199,999",71294,10078843111.33,301152918.62
2011,Brooklyn,"$20,000 - $29,999",114953,2628236145.42,107887467.22
2011,Brooklyn,"$200,000 or more",34254,11343557693.99,163376118.0
2011,Brooklyn,"$30,000 - $39,999",104329,3861183654.75,142938198.38
2011,Brooklyn,"$40,000 - $49,999",82698,3637176027.85,155914782.52
2011,Brooklyn,"$5,000 - $9,999",62681,492727698.25,17053747.82
2011,Brooklyn,"$50,000 - $74,999",135106,8751781654.86,337703282.75
2011,Brooklyn,"$75,000 - $99,999",77945,6496478900.33,248752523.37
2011,Brooklyn,"Under $5,000",66048,174329866.5,4388495.85
2011,Broome,"$10,000 - $19,999",14937,202590444.77,7463950.07
2011,Broome,"$100,000 - $199,999",6833,1132943713.26,25596138.36
2011,Broome,"$20,000 - $29,999",12729,331143101.42,11082351.11
2011,Broome,"$200,000 or more",3288,1027898733.44,14461930.59
2011,Broome,"$30,000 - $39,999",11515,404245358.72,14252712.98
2011,Broome,"$40,000 - $49,999",9231,420629412.12,16385400.54
2011,Broome,"$5,000 - $9,999",7530,50666619.02,1986781.0
2011,Broome,"$50,000 - $74,999",13841,809552765.23,31430367.08
2011,Broome,"$75,000 - $99,999",7973,696827535.16,25727170.62
2011,Broome,"Under $5,000",8094,21479407.96,615980.4
2011,Cayuga,"$10,000 - $19,999",5861,86977692.97,2983277.51
2011,Cayuga,"$100,000 - $199,999",2484,357636734.0,9477053.1
2011,Cayuga,"$20,000 - $29,999",5025,116886378.85,4885334.99
2011,Cayuga,"$200,000 or more",1093,329730681.74,5031865.46
2011,Cayuga,"$30,000 - $39,999",4258,145230493.53,5944644.87
2011,Cayuga,"$40,000 - $49,999",3534,166471490.47,6506572.78
2011,Cayuga,"$5,000 - $9,999",2740,20518344.0,647960.06
2011,Cayuga,"$50,000 - $74,999",5231,305317526.71,12067905.21
2011,Cayuga,"$75,000 - $99,999",2806,243208961.93,8403315.97
2011,Cayuga,"Under $5,000",3082,7670071.38,236520.53
2011,Chemung,"$10,000 - $19,999",6602,90224282.39,3402522.39
2011,Chemung,"$100,000 - $199,999",2582,428266597.12,10057753.31
2011,Chemung,"$20,000 - $29,999",5680,135058534.09,4693017.82
2011,Chemung,"$200,000 or more",1235,380810771.28,5538250.33
2011,Chemung,"$30,000 - $39,999",4984,159901131.09,6649875.14
2011,Chemung,"$40,000 - $49,999",4055,182633225.38,7406274.78
2011,Chemung,"$5,000 - $9,999",3171,24062908.1,757643.51
2011,Chemung,"$50,000 - $74,999",6573,408318147.91,16188238.94
2011,Chemung,"$75,000 - $99,999",2936,250952987.11,9207830.33
2011,Chemung,"Under $5,000",3389,9420449.4,235185.4
2011,Cortland,"$10,000 - $19,999",3548,53072028.17,1771010.28
2011,Cortland,"$100,000 - $199,999",1446,224225228.92,4635582.21
2011,Cortland,"$20,000 - $29,999",3144,78620921.63,2465007.45
2011,Cortland,"$200,000 or more",754,219677407.62,3037286.95
2011,Cortland,"$30,000 - $39,999",2590,95968154.37,2920751.6
2011,Cortland,"$40,000 - $49,999",2141,102340629.13,3419449.24
2011,Cortland,"$5,000 - $9,999",1985,14171174.39,427383.03
2011,Cortland,"$50,000 - $74,999",3330,204727206.06,7568995.4
2011,Cortland,"$75,000 - $99,999",1840,159286856.84,5348769.78
2011,Cortland,"Under $5,000",1899,4768949.29,117407.53
2011,Dutchess,"$10,000 - $19,999",16661,244358774.61,9986605.61
2011,Dutchess,"$100,000 - $199,999",12142,1828035377.55,51081296.09
2011,Dutchess,"$20,000 - $29,999",17159,424890998.61,18087647.83
2011,Dutchess,"$200,000 or more",6065,1871067460.38,32483383.13
2011,Dutchess,"$30,000 - $39,999",16631,569694690.74,25927303.84
2011,Dutchess,"$40,000 - $49,999",14228,596943074.74,36109123.24
2011,Dutchess,"$5,000 - $9,999",8139,63676421.45,2296061.08
2011,Dutchess,"$50,000 - $74,999",23636,1429860851.16,63500622.95
2011,Dutchess,"$75,000 - $99,999",13381,1148690351.86,48594282.67
2011,Dutchess,"Under $5,000",8156,20039191.39,690513.42
2011,Erie,"$10,000 - $19,999",67122,1018447897.67,35040225.42
2011,Erie,"$100,000 - $199,999",35258,5329601492.97,135070110.11
2011,Erie,"$20,000 - $29,999",56202,1368824397.95,55359857.67
2011,Erie,"$200,000 or more",15507,4883143733.29,80590742.76
2011,Erie,"$30,000 - $39,999",50355,1721420149.94,75982644.11
2011,Erie,"$40,000 - $49,999",41978,1960146437.76,79082491.48
2011,Erie,"$5,000 - $9,999",30996,219932577.99,8524532.87
2011,Erie,"$50,000 - $74,999",67077,3955732620.18,174002626.83
2011,Erie,"$75,000 - $99,999",37571,3141962893.6,113749327.51
2011,Erie,"Under $5,000",32604,79631113.28,2660262.74
2011,"Grand Total, Full-Year Resident",All Classes,6668390,428347660575.26,17155300437.51
2011,Hamilton,"$10,000 - $19,999",370,5771358.32,142512.44
2011,Hamilton,"$100,000 - $199,999",199,29671455.26,620726.26
2011,Hamilton,"$20,000 - $29,999",339,9658768.09,252052.29
2011,Hamilton,"$200,000 or more",97,29103586.45,366986.23
2011,Hamilton,"$30,000 - $39,999",333,11230353.16,350721.39
2011,Hamilton,"$40,000 - $49,999",253,12230390.31,346460.75
2011,Hamilton,"$5,000 - $9,999",204,1575158.1,39613.08
2011,Hamilton,"$50,000 - $74,999",399,24959137.7,792217.98
2011,Hamilton,"$75,000 - $99,999",217,17844809.09,496785.15
2011,Hamilton,"Under $5,000",204,487035.29,12011.04
2011,Madison,"$10,000 - $19,999",5482,83361626.22,2759828.14
2011,Madison,"$100,000 - $199,999",2181,333517961.54,8873501.75
2011,Madison,"$20,000 - $29,999",4248,106778762.51,3669444.36
2011,Madison,"$200,000 or more",1137,339959091.96,5128563.89
2011,Madison,"$30,000 - $39,999",3575,130867160.78,4778108.78
2011,Madison,"$40,000 - $49,999",2928,136580501.81,5304576.69
2011,Madison,"$5,000 - $9,999",2468,19016468.67,600986.76
2011,Madison,"$50,000 - $74,999",4966,314497434.19,11252959.33
2011,Madison,"$75,000 - $99,999",2757,233012895.87,8146970.66
2011,Madison,"Under $5,000",2581,6739150.81,189091.36
2011,Manhattan,"$10,000 - $19,999",42980,662388925.58,52204085.44
2011,Manhattan,"$100,000 - $199,999",122541,18637222373.55,1047133417.3
2011,Manhattan,"$20,000 - $29,999",48916,1235437378.81,93726993.78
2011,Manhattan,"$200,000 or more",72274,23537341410.68,743474310.83
2011,Manhattan,"$30,000 - $39,999",59360,2167019178.12,166286559.73
2011,Manhattan,"$40,000 - $49,999",69405,2879180576.13,291624839.04
2011,Manhattan,"$5,000 - $9,999",15415,117381848.81,8079657.1
2011,Manhattan,"$50,000 - $74,999",140578,8728644589.63,792559093.45
2011,Manhattan,"$75,000 - $99,999",104724,8550754354.54,749724077.17
2011,Manhattan,"Under $5,000",12947,33231498.04,2260150.52
2011,Monroe,"$10,000 - $19,999",44867,718454758.33,25279889.4
2011,Monroe,"$100,000 - $199,999",28069,4396023587.99,107454791.11
2011,Monroe,"$20,000 - $29,999",45082,1147057695.6,40002848.39
2011,Monroe,"$200,000 or more",14558,4193179879.71,72356375.5
2011,Monroe,"$30,000 - $39,999",40875,1464734408.07,56030826.37
2011,Monroe,"$40,000 - $49,999",33535,1411581708.68,72282710.34
2011,Monroe,"$5,000 - $9,999",21520,159899876.76,5948162.85
2011,Monroe,"$50,000 - $74,999",55895,3661095262.04,149869856.04
2011,Monroe,"$75,000 - $99,999",31146,2680015930.15,97506506.82
2011,Monroe,"Under $5,000",22973,62095260.89,1754825.03
2011,NYS Unclassified +,All Classes,1355,35932733.03,1410920.53
2011,Nassau,"$10,000 - $19,999",60156,886352638.92,52283401.58
2011,Nassau,"$100,000 - $199,999",77303,12310396795.11,497930021.37
2011,Nassau,"$20,000 - $29,999",61966,1446748606.79,97267138.66
2011,Nassau,"$200,000 or more",43840,12568211342.05,341882507.89
2011,Nassau,"$30,000 - $39,999",66540,2236920546.88,138639974.16
2011,Nassau,"$40,000 - $49,999",62523,2727379678.76,189807884.73
2011,Nassau,"$5,000 - $9,999",26953,199580096.85,11282304.57
2011,Nassau,"$50,000 - $74,999",114496,6764934487.4,459123689.43
2011,Nassau,"$75,000 - $99,999",74130,6630631320.0,367465365.3
2011,Nassau,"Under $5,000",23341,59315624.73,2566471.71
2011,Onondaga,"$10,000 - $19,999",32696,503580873.57,17649406.63
2011,Onondaga,"$100,000 - $199,999",18402,2573987300.57,76329542.23
2011,Onondaga,"$20,000 - $29,999",28594,728487787.63,26863714.3
2011,Onondaga,"$200,000 or more",9573,2736966530.51,44966953.45
2011,Onondaga,"$30,000 - $39,999",27022,1040437768.89,37355451.21
2011,Onondaga,"$40,000 - $49,999",21895,1027942442.33,45825270.43
2011,Onondaga,"$5,000 - $9,999",15782,108962571.82,4580626.45
2011,Onondaga,"$50,000 - $74,999",38106,2331792569.73,102368216.74
2011,Onondaga,"$75,000 - $99,999",20656,1882861799.41,65268442.7
2011,Onondaga,"Under $5,000",16800,41888519.59,1427935.39
2011,Orange,"$10,000 - $19,999",21624,314951325.53,12509679.4
2011,Orange,"$100,000 - $199,999",12899,1905164331.09,47842511.24
2011,Orange,"$20,000 - $29,999",19214,470489816.03,20273773.19
2011,Orange,"$200,000 or more",6852,2015868088.9,37458346.79
2011,Orange,"$30,000 - $39,999",19312,721212901.7,28374663.76
2011,Orange,"$40,000 - $49,999",15821,717660218.11,35055682.07
2011,Orange,"$5,000 - $9,999",10965,78751874.59,3072647.45
2011,Orange,"$50,000 - $74,999",26421,1760768493.45,78868507.1
2011,Orange,"$75,000 - $99,999",14971,1342736259.72,50098153.59
2011,Orange,"Under $5,000",10026,24640066.95,804203.29
2011,Queens,"$10,000 - $19,999",96724,1465020289.3,62413892.84
2011,Queens,"$100,000 - $199,999",66267,9612966860.21,285390872.43
2011,Queens,"$20,000 - $29,999",95830,2536271105.21,110228601.03
2011,Queens,"$200,000 or more",34589,9475490871.64,192329125.83
2011,Queens,"$30,000 - $39,999",93916,3301023964.33,151287081.09
2011,Queens,"$40,000 - $49,999",79591,3817788047.61,162380712.87
2011,Queens,"$5,000 - $9,999",50255,378723812.68,15009749.64
2011,Queens,"$50,000 - $74,999",123015,7643340867.95,363085220.14
2011,Queens,"$75,000 - $99,999",69611,5985256986.47,286474123.59
2011,Queens,"Under $5,000",47882,118357962.28,4299640.42
2011,Residence Unknown ++,All Classes,450,8866785.44,292269.42
2011,Rockland,"$10,000 - $19,999",14683,218798556.23,11602005.9
2011,Rockland,"$100,000 - $199,999",13329,1872391800.31,70452583.92
2011,Rockland,"$20,000 - $29,999",14524,407764498.08,17976223.07
2011,Rockland,"$200,000 or more",7683,2170947399.0,49075377.29
2011,Rockland,"$30,000 - $39,999",14815,567265369.87,27611786.36
2011,Rockland,"$40,000 - $49,999",13280,569073763.73,35017535.53
2011,Rockland,"$5,000 - $9,999",6309,40483984.84,2493230.73
2011,Rockland,"$50,000 - $74,999",23594,1485719081.54,84714270.69
2011,Rockland,"$75,000 - $99,999",14485,1177941201.45,65116421.49
2011,Rockland,"Under $5,000",5930,13348297.6,660855.41
2011,Schuyler,"$10,000 - $19,999",1521,22109385.8,689326.06
2011,Schuyler,"$100,000 - $199,999",629,93542729.5,2261908.13
2011,Schuyler,"$20,000 - $29,999",1317,32469913.61,1009458.99
2011,Schuyler,"$200,000 or more",272,86556393.76,1090277.78
2011,Schuyler,"$30,000 - $39,999",1079,38607659.23,1245635.14
2011,Schuyler,"$40,000 - $49,999",876,38738528.28,1446636.44
2011,Schuyler,"$5,000 - $9,999",809,6150582.02,190787.34
2011,Schuyler,"$50,000 - $74,999",1265,79961211.3,2954228.76
2011,Schuyler,"$75,000 - $99,999",683,64716409.69,1992386.26
2011,Schuyler,"Under $5,000",790,1922262.12,49965.63
2011,Seneca,"$10,000 - $19,999",2542,38713504.75,1154229.21
2011,Seneca,"$100,000 - $199,999",947,144304762.97,3295639.33
2011,Seneca,"$20,000 - $29,999",2175,59162210.12,1642235.66
2011,Seneca,"$200,000 or more",489,155238229.84,2060450.26
2011,Seneca,"$30,000 - $39,999",1911,70675434.57,2251111.47
2011,Seneca,"$40,000 - $49,999",1575,67215916.16,2791388.88
2011,Seneca,"$5,000 - $9,999",1264,9671015.29,264832.21
2011,Seneca,"$50,000 - $74,999",2355,153161564.02,5618320.24
2011,Seneca,"$75,000 - $99,999",1282,117293439.0,3375103.6
2011,Seneca,"Under $5,000",1338,3410462.74,89962.23
2011,Staten Island,"$10,000 - $19,999",22589,322414816.51,14343651.58
2011,Staten Island,"$100,000 - $199,999",16227,2603944856.13,70146787.64
2011,Staten Island,"$20,000 - $29,999",23245,571650182.81,24062732.4
2011,Staten Island,"$200,000 or more",8080,2285805896.06,41395543.28
2011,Staten Island,"$30,000 - $39,999",22624,858380001.49,32499203.46
2011,Staten Island,"$40,000 - $49,999",18521,878557836.23,40537615.46
2011,Staten Island,"$5,000 - $9,999",10832,75679097.54,3268939.01
2011,Staten Island,"$50,000 - $74,999",31473,1812123338.69,87824481.43
2011,Staten Island,"$75,000 - $99,999",18239,1707470486.01,63184631.88
2011,Staten Island,"Under $5,000",11525,30121870.71,996410.66
2011,Suffolk,"$10,000 - $19,999",82318,1163800944.48,56854391.95
2011,Suffolk,"$100,000 - $199,999",68062,9844373220.62,363603405.69
2011,Suffolk,"$20,000 - $29,999",89631,2183505882.56,110130893.69
2011,Suffolk,"$200,000 or more",36443,11710829663.48,213911341.44
2011,Suffolk,"$30,000 - $39,999",80076,2794832332.72,157907204.57
2011,Suffolk,"$40,000 - $49,999",72107,3544909050.82,176674252.23
2011,Suffolk,"$5,000 - $9,999",40675,282490388.27,13980374.31
2011,Suffolk,"$50,000 - $74,999",119304,7659033305.54,381942506.32
2011,Suffolk,"$75,000 - $99,999",77492,6478275148.19,316340699.11
2011,Suffolk,"Under $5,000",41310,101847791.16,4205581.91
2011,Tioga,"$10,000 - $19,999",3823,57059431.76,1990477.29
2011,Tioga,"$100,000 - $199,999",1616,230154980.87,5874535.78
2011,Tioga,"$20,000 - $29,999",3274,89595335.42,2968599.17
2011,Tioga,"$200,000 or more",722,210928452.88,3259007.26
2011,Tioga,"$30,000 - $39,999",2940,102097752.68,3839731.71
2011,Tioga,"$40,000 - $49,999",2235,99386822.65,3988137.42
2011,Tioga,"$5,000 - $9,999",2026,15866273.39,499947.63
2011,Tioga,"$50,000 - $74,999",3442,213293179.41,8215324.45
2011,Tioga,"$75,000 - $99,999",1795,147055746.66,5705908.21
2011,Tioga,"Under $5,000",1978,4947544.05,153378.82
2011,Tompkins,"$10,000 - $19,999",6575,91032064.55,3837633.91
2011,Tompkins,"$100,000 - $199,999",3399,516941788.7,14878806.8
2011,Tompkins,"$20,000 - $29,999",5559,130544178.25,5441630.28
2011,Tompkins,"$200,000 or more",1724,481926374.65,8228921.64
2011,Tompkins,"$30,000 - $39,999",5266,170128702.77,7592832.71
2011,Tompkins,"$40,000 - $49,999",4627,200109433.66,10121865.85
2011,Tompkins,"$5,000 - $9,999",3244,25976380.71,934409.69
2011,Tompkins,"$50,000 - $74,999",6696,427801250.71,17032616.56
2011,Tompkins,"$75,000 - $99,999",3712,333425349.4,10975100.16
2011,Tompkins,"Under $5,000",3212,8073431.03,248752.89
2011,Westchester,"$10,000 - $19,999",36078,504984275.43,29967206.49
2011,Westchester,"$100,000 - $199,999",57628,9314326082.88,377104198.27
2011,Westchester,"$20,000 - $29,999",43378,1063031473.66,59090780.73
2011,Westchester,"$200,000 or more",32556,10697611679.17,273789263.5
2011,Westchester,"$30,000 - $39,999",45563,1573460141.63,111255095.05
2011,Westchester,"$40,000 - $49,999",45104,1862240963.66,134037685.72
2011,Westchester,"$5,000 - $9,999",19002,132096009.11,8281736.97
2011,Westchester,"$50,000 - $74,999",83668,5447925589.07,336544894.99
2011,Westchester,"$75,000 - $99,999",57670,4779350191.75,291181406.94
2011,Westchester,"Under $5,000",15981,41127950.06,1932656.75
2011,Yates,"$10,000 - $19,999",1866,26900219.23,894779.78
2011,Yates,"$100,000 - $199,999",762,117660254.82,2509503.9
2011,Yates,"$20,000 - $29,999",1730,41145645.97,1567226.82
2011,Yates,"$200,000 or more",358,102575146.85,1530564.15
2011,Yates,"$30,000 - $39,999",1428,53109836.15,1694041.28
2011,Yates,"$40,000 - $49,999",1176,52281132.65,2155580.59
2011,Yates,"$5,000 - $9,999",1025,7362737.22,221882.71
2011,Yates,"$50,000 - $74,999",1713,103763831.37,4107679.5
2011,Yates,"$75,000 - $99,999",881,82732692.74,2500924.98
2011,Yates,"Under $5,000",1001,2776499.56,71450.25
2012,Albany,"$10,000 - $19,999",21273,318164422.77,13310135.96
2012,Albany,"$100,000 - $199,999",12509,1822273128.73,49046031.44
2012,Albany,"$20,000 - $29,999",18739,470446285.89,18833666.5
2012,Albany,"$200,000 or more",6831,2044531990.71,36877731.0
2012,Albany,"$30,000 - $39,999",17827,602680325.02,27106842.76
2012,Albany,"$40,000 - $49,999",15317,718508406.37,31912080.1
2012,Albany,"$5,000 - $9,999",9722,67841860.94,2733885.26
2012,Albany,"$50,000 - $74,999",28013,1637173382.53,78279919.11
2012,Albany,"$75,000 - $99,999",14664,1257256338.33,52341710.48
2012,Albany,"Under $5,000",10257,24413839.4,833621.15
2012,Bronx,"$10,000 - $19,999",87893,1291250116.44,36607086.38
2012,Bronx,"$100,000 - $199,999",24403,3418580635.63,69597660.63
2012,Bronx,"$20,000 - $29,999",76855,1954090614.7,50914413.98
2012,Bronx,"$200,000 or more",10456,3430614188.77,33630250.97
2012,Bronx,"$30,000 - $39,999",59396,2081075944.67,63908734.39
2012,Bronx,"$40,000 - $49,999",42944,2008702008.77,61175521.25
2012,Bronx,"$5,000 - $9,999",53836,408260206.92,10489070.58
2012,Bronx,"$50,000 - $74,999",65301,4218899225.21,118914355.2
2012,Bronx,"$75,000 - $99,999",30848,2721853541.18,71578861.78
2012,Bronx,"Under $5,000",56254,140003058.91,2985638.74
2012,Brooklyn,"$10,000 - $19,999",128818,2049700663.23,79357174.49
2012,Brooklyn,"$100,000 - $199,999",67345,9973762486.06,315041747.92
2012,Brooklyn,"$20,000 - $29,999",115740,2818550981.73,114640705.25
2012,Brooklyn,"$200,000 or more",35097,11277455106.5,180799056.46
2012,Brooklyn,"$30,000 - $39,999",107224,3473851406.04,154513405.63
2012,Brooklyn,"$40,000 - $49,999",84011,3654360347.43,179276692.36
2012,Brooklyn,"$5,000 - $9,999",67881,498899131.53,17935721.69
2012,Brooklyn,"$50,000 - $74,999",139917,9344607112.06,376458981.11
2012,Brooklyn,"$75,000 - $99,999",74554,6800620224.38,242673563.55
2012,Brooklyn,"Under $5,000",63120,157159175.46,5223820.27
2012,Broome,"$10,000 - $19,999",14331,207829810.61,8319784.59
2012,Broome,"$100,000 - $199,999",6396,890742438.12,22641239.94
2012,Broome,"$20,000 - $29,999",11975,305483164.54,11749837.91
2012,Broome,"$200,000 or more",3108,989581954.06,15018039.75
2012,Broome,"$30,000 - $39,999",11730,422323135.57,16355732.95
2012,Broome,"$40,000 - $49,999",9652,476105243.47,16714765.09
2012,Broome,"$5,000 - $9,999",7416,57903125.49,1813176.62
2012,Broome,"$50,000 - $74,999",13521,836530927.24,33283343.23
2012,Broome,"$75,000 - $99,999",7609,678424208.84,26628107.43
2012,Broome,"Under $5,000",7878,18566609.1,615539.5
2012,Cayuga,"$10,000 - $19,999",5865,85246627.71,2841420.15
2012,Cayuga,"$100,000 - $199,999",2392,342707547.86,8217090.12
2012,Cayuga,"$20,000 - $29,999",4819,114272336.81,3936264.88
2012,Cayuga,"$200,000 or more",1203,415332481.68,5278333.82
2012,Cayuga,"$30,000 - $39,999",4583,152186615.81,6079482.32
2012,Cayuga,"$40,000 - $49,999",3430,153240492.24,6170531.91
2012,Cayuga,"$5,000 - $9,999",3204,23113636.16,749563.34
2012,Cayuga,"$50,000 - $74,999",5264,309581637.59,13192448.5
2012,Cayuga,"$75,000 - $99,999",2920,266487878.26,9569476.71
2012,Cayuga,"Under $5,000",3125,7366295.98,208321.38
2012,Chemung,"$10,000 - $19,999",6078,97252454.27,3314290.72
2012,Chemung,"$100,000 - $199,999",2662,386545609.71,10763384.27
2012,Chemung,"$20,000 - $29,999",5598,152963795.29,5256706.26
2012,Chemung,"$200,000 or more",1236,344255713.19,5733632.81
2012,Chemung,"$30,000 - $39,999",4944,165703819.48,7104522.81
2012,Chemung,"$40,000 - $49,999",3615,162788083.85,6733313.28
2012,Chemung,"$5,000 - $9,999",3202,25220518.82,830376.06
2012,Chemung,"$50,000 - $74,999",5886,368082497.63,14352626.14
2012,Chemung,"$75,000 - $99,999",3175,276453531.53,10295542.29
2012,Chemung,"Under $5,000",3596,9352395.58,262992.75
2012,Cortland,"$10,000 - $19,999",3530,52038245.07,1919381.43
2012,Cortland,"$100,000 - $199,999",1523,228222786.23,5559803.56
2012,Cortland,"$20,000 - $29,999",3104,72249590.23,2548626.19
2012,Cortland,"$200,000 or more",784,227613506.33,3570376.82
2012,Cortland,"$30,000 - $39,999",2985,102290802.24,3813037.59
2012,Cortland,"$40,000 - $49,999",2207,99906669.39,3805238.72
2012,Cortland,"$5,000 - $9,999",1932,13991563.7,431798.34
2012,Cortland,"$50,000 - $74,999",3591,219998301.29,8527963.52
2012,Cortland,"$75,000 - $99,999",1754,151406589.32,4984037.6
2012,Cortland,"Under $5,000",2098,4987126.03,140434.88
2012,Dutchess,"$10,000 - $19,999",16740,252120046.83,10545877.81
2012,Dutchess,"$100,000 - $199,999",11851,1814560701.53,53393228.02
2012,Dutchess,"$20,000 - $29,999",17552,450235308.86,19634891.34
2012,Dutchess,"$200,000 or more",6364,1797718461.77,36403361.59
2012,Dutchess,"$30,000 - $39,999",15907,574767117.76,26503060.32
2012,Dutchess,"$40,000 - $49,999",14486,655706606.75,32126107.54
2012,Dutchess,"$5,000 - $9,999",8605,58721097.75,2645516.04
2012,Dutchess,"$50,000 - $74,999",24460,1384848996.4,67061350.56
2012,Dutchess,"$75,000 - $99,999",13364,1246453217.24,51780415.52
2012,Dutchess,"Under $5,000",8348,21028330.14,761923.5
2012,Erie,"$10,000 - $19,999",63764,1036949065.73,37067266.16
2012,Erie,"$100,000 - $199,999",35524,5113489272.81,134494302.75
2012,Erie,"$20,000 - $29,999",54643,1420371043.2,54042323.51
2012,Erie,"$200,000 or more",16590,4675752766.46,77772577.06
2012,Erie,"$30,000 - $39,999",55357,1965527072.53,77342213.07
2012,Erie,"$40,000 - $49,999",40515,1892729904.78,79048102.01
2012,Erie,"$5,000 - $9,999",30246,241058847.87,7939904.63
2012,Erie,"$50,000 - $74,999",70723,4275258521.79,188728802.45
2012,Erie,"$75,000 - $99,999",36329,3154526125.47,119484342.24
2012,Erie,"Under $5,000",33012,83505947.83,2427967.83
2012,"Grand Total, Full-Year Resident",All Classes,6724689,434496032652.6,17954616667.37
2012,Hamilton,"$10,000 - $19,999",401,6998866.93,173885.46
2012,Hamilton,"$100,000 - $199,999",200,33326549.39,577801.69
2012,Hamilton,"$20,000 - $29,999",353,8959964.95,269518.31
2012,Hamilton,"$200,000 or more",95,30061482.12,364547.31
2012,Hamilton,"$30,000 - $39,999",309,10357836.66,355616.9
2012,Hamilton,"$40,000 - $49,999",255,11711370.49,417296.52
2012,Hamilton,"$5,000 - $9,999",200,1495316.89,40305.92
2012,Hamilton,"$50,000 - $74,999",401,24422844.54,797723.95
2012,Hamilton,"$75,000 - $99,999",222,18513934.98,579676.28
2012,Hamilton,"Under $5,000",194,459613.39,10765.6
2012,Madison,"$10,000 - $19,999",4591,66875311.88,2513368.08
2012,Madison,"$100,000 - $199,999",2182,339133094.37,9563079.29
2012,Madison,"$20,000 - $29,999",4544,105294807.64,4430835.73
2012,Madison,"$200,000 or more",1083,332498405.87,4926595.42
2012,Madison,"$30,000 - $39,999",3761,145770162.08,4962769.09
2012,Madison,"$40,000 - $49,999",3146,134654549.23,5627737.4
2012,Madison,"$5,000 - $9,999",2817,21568987.17,797949.82
2012,Madison,"$50,000 - $74,999",5352,331233640.59,13672814.89
2012,Madison,"$75,000 - $99,999",2521,218292261.84,7659718.52
2012,Madison,"Under $5,000",2592,6152362.63,193364.0
2012,Manhattan,"$10,000 - $19,999",43957,702826995.89,54025618.84
2012,Manhattan,"$100,000 - $199,999",120090,18593733114.0,1138324602.86
2012,Manhattan,"$20,000 - $29,999",47210,1212787756.44,99056903.95
2012,Manhattan,"$200,000 or more",77452,24894077413.41,881210331.75
2012,Manhattan,"$30,000 - $39,999",60032,2135924882.19,180200920.39
2012,Manhattan,"$40,000 - $49,999",67121,2926252421.34,285843306.68
2012,Manhattan,"$5,000 - $9,999",16551,118351716.75,10137186.28
2012,Manhattan,"$50,000 - $74,999",122060,7792854277.3,660846519.53
2012,Manhattan,"$75,000 - $99,999",96008,7956992745.86,726755135.64
2012,Manhattan,"Under $5,000",12477,30562453.42,2139542.46
2012,Monroe,"$10,000 - $19,999",45814,645378639.62,28043060.66
2012,Monroe,"$100,000 - $199,999",27269,4191928481.19,117892548.35
2012,Monroe,"$20,000 - $29,999",43977,1090126333.35,39399397.94
2012,Monroe,"$200,000 or more",14536,4550324604.02,70804548.03
2012,Monroe,"$30,000 - $39,999",39950,1498231489.45,61002729.38
2012,Monroe,"$40,000 - $49,999",33144,1621900574.09,66244439.58
2012,Monroe,"$5,000 - $9,999",23123,174408341.6,6105667.16
2012,Monroe,"$50,000 - $74,999",58667,3800589129.57,155073193.73
2012,Monroe,"$75,000 - $99,999",32625,2689741804.68,113128020.07
2012,Monroe,"Under $5,000",22715,58862399.7,1760944.75
2012,NYS Unclassified +,All Classes,2159,61558073.77,2034104.46
2012,Nassau,"$10,000 - $19,999",58462,907573772.65,55377504.23
2012,Nassau,"$100,000 - $199,999",77539,11445676479.93,501956073.68
2012,Nassau,"$20,000 - $29,999",61651,1679928931.99,108135944.49
2012,Nassau,"$200,000 or more",43646,13097195956.38,377551702.75
2012,Nassau,"$30,000 - $39,999",69114,2439755587.64,173966582.75
2012,Nassau,"$40,000 - $49,999",63108,2823854333.39,202201858.56
2012,Nassau,"$5,000 - $9,999",24617,187010212.43,11594042.68
2012,Nassau,"$50,000 - $74,999",124600,8397683258.76,526617142.88
2012,Nassau,"$75,000 - $99,999",76867,7059242074.47,429741800.39
2012,Nassau,"Under $5,000",22499,57273705.22,2946916.55
2012,Onondaga,"$10,000 - $19,999",31791,503482889.17,17020378.48
2012,Onondaga,"$100,000 - $199,999",19241,3258466943.33,77338938.56
2012,Onondaga,"$20,000 - $29,999",28382,687995289.39,27835987.11
2012,Onondaga,"$200,000 or more",9099,2620437478.9,45987112.75
2012,Onondaga,"$30,000 - $39,999",27401,1007509046.53,40528202.66
2012,Onondaga,"$40,000 - $49,999",21782,1006940015.19,49138783.79
2012,Onondaga,"$5,000 - $9,999",14602,109223122.34,3980537.93
2012,Onondaga,"$50,000 - $74,999",37009,2311671620.52,94409851.32
2012,Onondaga,"$75,000 - $99,999",20483,1764261088.81,67635848.79
2012,Onondaga,"Under $5,000",16133,41109618.56,1230440.89
2012,Orange,"$10,000 - $19,999",22900,339071652.87,14276428.45
2012,Orange,"$100,000 - $199,999",12993,2015320965.6,58357536.36
2012,Orange,"$20,000 - $29,999",20441,540647928.44,22215237.65
2012,Orange,"$200,000 or more",6718,2056293894.89,40100434.57
2012,Orange,"$30,000 - $39,999",19410,646059828.49,31901615.84
2012,Orange,"$40,000 - $49,999",16621,717122347.63,40178940.87
2012,Orange,"$5,000 - $9,999",11247,81638600.48,3851598.95
2012,Orange,"$50,000 - $74,999",25862,1720816022.5,77229429.73
2012,Orange,"$75,000 - $99,999",14271,1253452522.44,54462413.95
2012,Orange,"Under $5,000",11011,27306248.29,1051038.03
2012,Queens,"$10,000 - $19,999",104149,1537364886.61,63615351.75
2012,Queens,"$100,000 - $199,999",70420,10613891779.2,322086739.06
2012,Queens,"$20,000 - $29,999",99687,2416509071.27,98707630.4
2012,Queens,"$200,000 or more",34995,10712841334.53,190784085.57
2012,Queens,"$30,000 - $39,999",89943,3297294972.75,135237157.86
2012,Queens,"$40,000 - $49,999",77075,3153588801.71,170654581.33
2012,Queens,"$5,000 - $9,999",54343,400098145.37,16788131.57
2012,Queens,"$50,000 - $74,999",132307,7487584942.85,380075203.18
2012,Queens,"$75,000 - $99,999",79194,6930613531.58,272769940.04
2012,Queens,"Under $5,000",49551,116821920.85,4357791.85
2012,Residence Unknown ++,All Classes,433,9648418.75,357883.1
2012,Rockland,"$10,000 - $19,999",14311,218575984.97,10811837.31
2012,Rockland,"$100,000 - $199,999",13092,2030580671.31,68342006.74
2012,Rockland,"$20,000 - $29,999",14783,345804029.93,17665826.95
2012,Rockland,"$200,000 or more",7806,2382989640.15,51863415.04
2012,Rockland,"$30,000 - $39,999",14347,516249787.98,29630773.95
2012,Rockland,"$40,000 - $49,999",13280,583248549.58,34047293.37
2012,Rockland,"$5,000 - $9,999",6426,48474243.25,2137691.72
2012,Rockland,"$50,000 - $74,999",22223,1413419050.29,80086459.38
2012,Rockland,"$75,000 - $99,999",13543,1240795573.39,63343872.16
2012,Rockland,"Under $5,000",5862,15066217.25,604629.68
2012,Schuyler,"$10,000 - $19,999",1433,21882030.88,695895.77
2012,Schuyler,"$100,000 - $199,999",590,89753127.61,2014972.6
2012,Schuyler,"$20,000 - $29,999",1261,29855392.96,1035894.37
2012,Schuyler,"$200,000 or more",269,84722244.44,1133999.62
2012,Schuyler,"$30,000 - $39,999",1091,40539775.52,1474440.8
2012,Schuyler,"$40,000 - $49,999",880,39803093.48,1581300.07
2012,Schuyler,"$5,000 - $9,999",752,5782911.59,176410.66
2012,Schuyler,"$50,000 - $74,999",1358,77845494.97,3148065.63
2012,Schuyler,"$75,000 - $99,999",735,64147612.36,1985538.13
2012,Schuyler,"Under $5,000",870,2092288.22,52628.88
2012,Seneca,"$10,000 - $19,999",2516,41550181.98,1345723.17
2012,Seneca,"$100,000 - $199,999",1048,157241844.4,3772019.52
2012,Seneca,"$20,000 - $29,999",2029,49910068.8,1663147.52
2012,Seneca,"$200,000 or more",485,159058315.31,2141577.2
2012,Seneca,"$30,000 - $39,999",1915,68009760.7,2444038.34
2012,Seneca,"$40,000 - $49,999",1475,73336453.2,2730311.33
2012,Seneca,"$5,000 - $9,999",1333,10066532.34,331904.74
2012,Seneca,"$50,000 - $74,999",2188,133040509.21,4646031.33
2012,Seneca,"$75,000 - $99,999",1293,123883011.0,3835380.58
2012,Seneca,"Under $5,000",1408,3432811.35,96435.33
2012,Staten Island,"$10,000 - $19,999",24911,372120273.46,15056534.31
2012,Staten Island,"$100,000 - $199,999",16126,2462771301.3,74661168.99
2012,Staten Island,"$20,000 - $29,999",24313,562441823.55,27549929.28
2012,Staten Island,"$200,000 or more",8856,2510900167.43,46899979.51
2012,Staten Island,"$30,000 - $39,999",20979,806858122.33,34900119.69
2012,Staten Island,"$40,000 - $49,999",20029,947715746.23,41484278.71
2012,Staten Island,"$5,000 - $9,999",11511,87918317.62,3762964.92
2012,Staten Island,"$50,000 - $74,999",28192,1732699600.43,75554466.52
2012,Staten Island,"$75,000 - $99,999",17622,1519341326.38,70145407.77
2012,Staten Island,"Under $5,000",10118,25033080.03,966338.7
2012,Suffolk,"$10,000 - $19,999",83502,1288894998.77,64660795.84
2012,Suffolk,"$100,000 - $199,999",66803,10242555879.42,350851966.1
2012,Suffolk,"$20,000 - $29,999",87511,2286574906.89,116130742.33
2012,Suffolk,"$200,000 or more",37127,11330024163.04,230482877.73
2012,Suffolk,"$30,000 - $39,999",78673,2861782306.82,145252485.3
2012,Suffolk,"$40,000 - $49,999",73456,3237943158.7,187677004.51
2012,Suffolk,"$5,000 - $9,999",40135,308116030.05,13489862.54
2012,Suffolk,"$50,000 - $74,999",134320,8510187044.14,439885993.31
2012,Suffolk,"$75,000 - $99,999",73735,6365606886.25,319803311.55
2012,Suffolk,"Under $5,000",39563,108721928.88,3999320.52
2012,Tioga,"$10,000 - $19,999",3611,53299865.73,2096708.68
2012,Tioga,"$100,000 - $199,999",1680,251004002.56,6338204.69
2012,Tioga,"$20,000 - $29,999",3417,82699858.56,3077253.11
2012,Tioga,"$200,000 or more",751,223028685.51,3447473.08
2012,Tioga,"$30,000 - $39,999",3041,106709714.41,4257421.33
2012,Tioga,"$40,000 - $49,999",2383,101258287.19,4798830.55
2012,Tioga,"$5,000 - $9,999",1932,14839829.27,532940.8
2012,Tioga,"$50,000 - $74,999",3335,212954685.09,7985389.8
2012,Tioga,"$75,000 - $99,999",1811,167685015.25,5847464.99
2012,Tioga,"Under $5,000",2127,5169873.73,160389.22
2012,Tompkins,"$10,000 - $19,999",6220,90188947.46,3813454.52
2012,Tompkins,"$100,000 - $199,999",3455,516461556.28,13295301.52
2012,Tompkins,"$20,000 - $29,999",5927,153832708.37,5739648.66
2012,Tompkins,"$200,000 or more",1626,521956776.21,7831778.22
2012,Tompkins,"$30,000 - $39,999",5462,188466237.84,8273839.37
2012,Tompkins,"$40,000 - $49,999",4400,199967836.24,8897022.51
2012,Tompkins,"$5,000 - $9,999",3213,21443622.78,920301.3
2012,Tompkins,"$50,000 - $74,999",7135,470897139.41,19182730.79
2012,Tompkins,"$75,000 - $99,999",3884,363176394.1,13923433.76
2012,Tompkins,"Under $5,000",2956,6862133.95,238614.37
2012,Westchester,"$10,000 - $19,999",38654,585176332.44,33132215.63
2012,Westchester,"$100,000 - $199,999",57715,7868019368.42,397500382.6
2012,Westchester,"$20,000 - $29,999",45097,1084189147.0,75152830.46
2012,Westchester,"$200,000 or more",35424,10602598017.43,305405607.66
2012,Westchester,"$30,000 - $39,999",46429,1546415281.55,101361533.57
2012,Westchester,"$40,000 - $49,999",44083,1873234069.66,140582892.09
2012,Westchester,"$5,000 - $9,999",17713,130185328.25,8527716.29
2012,Westchester,"$50,000 - $74,999",84947,5194291037.19,348892093.16
2012,Westchester,"$75,000 - $99,999",55348,4903770116.19,291213174.32
2012,Westchester,"Under $5,000",14773,39197703.37,1800640.62
2012,Yates,"$10,000 - $19,999",1924,29399205.87,961080.01
2012,Yates,"$100,000 - $199,999",717,113051030.19,2638446.51
2012,Yates,"$20,000 - $29,999",1574,37822688.01,1326186.23
2012,Yates,"$200,000 or more",339,104288335.58,1721089.24
2012,Yates,"$30,000 - $39,999",1351,48351906.81,1759504.33
2012,Yates,"$40,000 - $49,999",1084,45538632.06,1888334.3
2012,Yates,"$5,000 - $9,999",1074,7630908.57,285200.31
2012,Yates,"$50,000 - $74,999",1619,95735220.31,3842759.25
2012,Yates,"$75,000 - $99,999",827,73617560.24,2481370.45
2012,Yates,"Under $5,000",1040,2721185.79,71206.07
2013,Albany,"$10,000 - $19,999",20608,302871953.25,13639788.5
2013,Albany,"$100,000 - $199,999",12936,1987421190.77,57702372.52
2013,Albany,"$20,000 - $29,999",19035,476793875.59,21081072.12
2013,Albany,"$200,000 or more",6626,1840884929.69,37181813.22
2013,Albany,"$30,000 - $39,999",16597,571910608.94,27574982.41
2013,Albany,"$40,000 - $49,999",14089,668157431.3,34826275.7
2013,Albany,"$5,000 - $9,999",9413,68655983.56,3328441.04
2013,Albany,"$50,000 - $74,999",24890,1503922250.22,85175742.02
2013,Albany,"$75,000 - $99,999",14181,1188474624.69,56752276.22
2013,Albany,"Under $5,000",9702,23265485.32,950254.88
2013,Bronx,"$10,000 - $19,999",90569,1429307451.67,40049740.27
2013,Bronx,"$100,000 - $199,999",24236,3456020201.1,75648208.66
2013,Bronx,"$20,000 - $29,999",73209,1743659884.84,56251201.03
2013,Bronx,"$200,000 or more",10382,3247054551.16,39831750.17
2013,Bronx,"$30,000 - $39,999",64182,2169224571.11,73514895.92
2013,Bronx,"$40,000 - $49,999",46536,2229781955.57,75497988.78
2013,Bronx,"$5,000 - $9,999",52263,371514946.3,11581683.6
2013,Bronx,"$50,000 - $74,999",62785,3813694232.17,126464745.4
2013,Bronx,"$75,000 - $99,999",30248,2621918880.17,82805760.0
2013,Bronx,"Under $5,000",59543,144972376.81,3690469.03
2013,Brooklyn,"$10,000 - $19,999",128397,1801846663.11,75356863.0
2013,Brooklyn,"$100,000 - $199,999",68455,10196554343.7,289846317.24
2013,Brooklyn,"$20,000 - $29,999",120232,2884521293.38,117842205.1
2013,Brooklyn,"$200,000 or more",33686,9197353396.3,178109687.14
2013,Brooklyn,"$30,000 - $39,999",104746,3750599336.77,164878909.04
2013,Brooklyn,"$40,000 - $49,999",89235,4269378953.56,185479472.0
2013,Brooklyn,"$5,000 - $9,999",64673,506344176.52,17004279.31
2013,Brooklyn,"$50,000 - $74,999",142885,7999291368.91,429733078.77
2013,Brooklyn,"$75,000 - $99,999",73366,6876210413.66,265137143.45
2013,Brooklyn,"Under $5,000",68124,167321458.84,5938247.95
2013,Broome,"$10,000 - $19,999",14650,224626739.26,8358292.3
2013,Broome,"$100,000 - $199,999",6713,1054137055.33,30328017.69
2013,Broome,"$20,000 - $29,999",12336,300384064.86,11459750.5
2013,Broome,"$200,000 or more",3352,1000127128.8,15815723.81
2013,Broome,"$30,000 - $39,999",11800,392221896.44,16496873.1
2013,Broome,"$40,000 - $49,999",9769,493423986.46,20385836.95
2013,Broome,"$5,000 - $9,999",7432,56945111.17,1853741.68
2013,Broome,"$50,000 - $74,999",14674,932235952.49,37698776.05
2013,Broome,"$75,000 - $99,999",7384,622871365.47,24353831.15
2013,Broome,"Under $5,000",7644,18362629.98,525979.04
2013,Cayuga,"$10,000 - $19,999",5452,82907442.49,2610387.08
2013,Cayuga,"$100,000 - $199,999",2330,339790751.17,9242226.21
2013,Cayuga,"$20,000 - $29,999",5432,133773087.26,4694065.77
2013,Cayuga,"$200,000 or more",1229,360622858.01,6107163.49
2013,Cayuga,"$30,000 - $39,999",4661,148705819.14,6543282.71
2013,Cayuga,"$40,000 - $49,999",3576,158320655.49,7155553.39
2013,Cayuga,"$5,000 - $9,999",3025,22678535.09,792296.68
2013,Cayuga,"$50,000 - $74,999",5099,313514536.46,13396237.28
2013,Cayuga,"$75,000 - $99,999",2905,252312541.59,8479573.74
2013,Cayuga,"Under $5,000",3113,7163228.91,242653.52
2013,Chemung,"$10,000 - $19,999",6375,89188371.61,3297539.75
2013,Chemung,"$100,000 - $199,999",2942,440094595.88,11207737.16
2013,Chemung,"$20,000 - $29,999",5438,142510666.87,5449470.73
2013,Chemung,"$200,000 or more",1297,412452061.5,6153950.5
2013,Chemung,"$30,000 - $39,999",4719,169280960.02,6234179.58
2013,Chemung,"$40,000 - $49,999",3948,172232564.09,7198083.32
2013,Chemung,"$5,000 - $9,999",3237,23318576.44,815519.17
2013,Chemung,"$50,000 - $74,999",5991,345957712.38,15158743.39
2013,Chemung,"$75,000 - $99,999",3262,274993683.89,10469449.87
2013,Chemung,"Under $5,000",3521,9360554.76,275445.62
2013,Cortland,"$10,000 - $19,999",3628,54247979.11,2087490.37
2013,Cortland,"$100,000 - $199,999",1412,216005511.17,5955711.44
2013,Cortland,"$20,000 - $29,999",3311,81275144.5,2939006.22
2013,Cortland,"$200,000 or more",731,210049147.21,3176628.38
2013,Cortland,"$30,000 - $39,999",2809,105439088.79,3580623.71
2013,Cortland,"$40,000 - $49,999",2270,107142501.46,4357953.21
2013,Cortland,"$5,000 - $9,999",2068,14729957.79,539649.32
2013,Cortland,"$50,000 - $74,999",3606,231025785.27,8309593.83
2013,Cortland,"$75,000 - $99,999",1840,162176602.56,5816908.7
2013,Cortland,"Under $5,000",2121,4973896.65,170934.99
2013,Dutchess,"$10,000 - $19,999",18559,269819939.39,12480007.16
2013,Dutchess,"$100,000 - $199,999",11997,1942370726.43,57109346.23
2013,Dutchess,"$20,000 - $29,999",16966,425785366.76,19551492.52
2013,Dutchess,"$200,000 or more",6812,1988249623.63,39784608.48
2013,Dutchess,"$30,000 - $39,999",17027,614338056.72,30357633.06
2013,Dutchess,"$40,000 - $49,999",13181,654264353.28,29470413.61
2013,Dutchess,"$5,000 - $9,999",8836,67214864.37,2991638.3
2013,Dutchess,"$50,000 - $74,999",22418,1392308646.84,69509952.78
2013,Dutchess,"$75,000 - $99,999",12487,1090358729.52,54435687.7
2013,Dutchess,"Under $5,000",8224,20573567.55,875937.31
2013,Erie,"$10,000 - $19,999",63599,943193518.41,37830067.26
2013,Erie,"$100,000 - $199,999",32074,5258057913.24,141222182.16
2013,Erie,"$20,000 - $29,999",58057,1470063357.28,56035631.0
2013,Erie,"$200,000 or more",16566,5029582919.48,94729751.09
2013,Erie,"$30,000 - $39,999",52345,1795997016.31,75863227.02
2013,Erie,"$40,000 - $49,999",43671,2002122274.18,85286620.36
2013,Erie,"$5,000 - $9,999",31524,275129061.41,8717589.44
2013,Erie,"$50,000 - $74,999",67446,4395227538.23,195912285.76
2013,Erie,"$75,000 - $99,999",38198,3323341833.25,139696880.65
2013,Erie,"Under $5,000",32075,79432321.53,2723480.18
2013,"Grand Total, Full-Year Resident",All Classes,6784410,439117520161.65,19146217605.79
2013,Hamilton,"$10,000 - $19,999",378,5651607.79,158677.43
2013,Hamilton,"$100,000 - $199,999",193,31738797.08,635497.81
2013,Hamilton,"$20,000 - $29,999",370,8550088.61,250386.66
2013,Hamilton,"$200,000 or more",97,31386012.96,355016.81
2013,Hamilton,"$30,000 - $39,999",317,10799799.3,345697.78
2013,Hamilton,"$40,000 - $49,999",225,10242298.06,360867.71
2013,Hamilton,"$5,000 - $9,999",193,1420744.06,41403.43
2013,Hamilton,"$50,000 - $74,999",439,27745470.11,837491.25
2013,Hamilton,"$75,000 - $99,999",221,20490182.49,534012.65
2013,Hamilton,"Under $5,000",204,499637.45,12392.03
2013,Madison,"$10,000 - $19,999",4896,69361594.66,2873945.74
2013,Madison,"$100,000 - $199,999",2170,312341753.72,9873470.83
2013,Madison,"$20,000 - $29,999",4559,106917619.75,4366505.34
2013,Madison,"$200,000 or more",1041,298769150.56,5507202.94
2013,Madison,"$30,000 - $39,999",3760,140486244.5,5851294.48
2013,Madison,"$40,000 - $49,999",3433,158638044.96,6889031.16
2013,Madison,"$5,000 - $9,999",2528,17649002.36,695617.97
2013,Madison,"$50,000 - $74,999",4740,283758256.74,12484186.01
2013,Madison,"$75,000 - $99,999",2650,225423273.65,9100997.9
2013,Madison,"Under $5,000",2569,6390566.85,203981.37
2013,Manhattan,"$10,000 - $19,999",40871,634625506.36,56259794.26
2013,Manhattan,"$100,000 - $199,999",119299,17880470258.79,1141777367.28
2013,Manhattan,"$20,000 - $29,999",52350,1315288579.41,107161693.23
2013,Manhattan,"$200,000 or more",83220,27287144751.62,922299784.57
2013,Manhattan,"$30,000 - $39,999",67633,2218420960.1,217477818.66
2013,Manhattan,"$40,000 - $49,999",64710,2820597910.26,290804568.62
2013,Manhattan,"$5,000 - $9,999",17157,157370118.92,10190280.55
2013,Manhattan,"$50,000 - $74,999",138487,8563442105.62,867890183.53
2013,Manhattan,"$75,000 - $99,999",106996,9115214613.59,834932274.87
2013,Manhattan,"Under $5,000",13747,36520054.62,2375072.92
2013,Monroe,"$10,000 - $19,999",46992,771299770.66,29404921.2
2013,Monroe,"$100,000 - $199,999",28881,3964250476.75,124956459.79
2013,Monroe,"$20,000 - $29,999",43349,1108282243.21,45208732.56
2013,Monroe,"$200,000 or more",13532,4353103439.32,71673438.79
2013,Monroe,"$30,000 - $39,999",39593,1359905730.2,62856273.22
2013,Monroe,"$40,000 - $49,999",31677,1614677133.92,76106586.27
2013,Monroe,"$5,000 - $9,999",23638,189639474.92,7869604.55
2013,Monroe,"$50,000 - $74,999",56033,3427990935.86,152498800.51
2013,Monroe,"$75,000 - $99,999",31667,2692854673.56,116534841.65
2013,Monroe,"Under $5,000",23328,58175573.79,2078538.99
2013,NYS Unclassified +,All Classes,2469,78461943.83,2493459.43
2013,Nassau,"$10,000 - $19,999",56711,849332427.51,56565925.11
2013,Nassau,"$100,000 - $199,999",79972,11890097480.77,540554271.13
2013,Nassau,"$20,000 - $29,999",60284,1402161443.96,100959331.5
2013,Nassau,"$200,000 or more",46795,14081393247.25,392413049.75
2013,Nassau,"$30,000 - $39,999",65882,2197513561.37,154346239.92
2013,Nassau,"$40,000 - $49,999",63123,2819404388.41,214628568.06
2013,Nassau,"$5,000 - $9,999",26336,196032689.01,12014247.24
2013,Nassau,"$50,000 - $74,999",117985,7313378755.28,586229724.78
2013,Nassau,"$75,000 - $99,999",80557,6851989575.16,455617418.48
2013,Nassau,"Under $5,000",22684,56971971.42,2860562.36
2013,Onondaga,"$10,000 - $19,999",34502,498849442.3,21834790.65
2013,Onondaga,"$100,000 - $199,999",18922,2872625296.48,86499944.98
2013,Onondaga,"$20,000 - $29,999",30906,736077389.16,32498113.27
2013,Onondaga,"$200,000 or more",9322,2727522398.22,49622819.06
2013,Onondaga,"$30,000 - $39,999",26797,953187141.19,41748574.69
2013,Onondaga,"$40,000 - $49,999",23421,984016841.84,48919777.67
2013,Onondaga,"$5,000 - $9,999",15587,111739037.16,4643361.82
2013,Onondaga,"$50,000 - $74,999",37093,2263501896.12,114914378.28
2013,Onondaga,"$75,000 - $99,999",20229,1589441094.68,69478924.21
2013,Onondaga,"Under $5,000",16254,44371932.9,1408543.83
2013,Orange,"$10,000 - $19,999",22869,371458989.04,15175944.88
2013,Orange,"$100,000 - $199,999",13089,2145088002.57,63297577.3
2013,Orange,"$20,000 - $29,999",21753,506983269.82,25588968.54
2013,Orange,"$200,000 or more",6772,2046215866.27,37109421.79
2013,Orange,"$30,000 - $39,999",20235,701854705.23,34349641.08
2013,Orange,"$40,000 - $49,999",15567,676421832.91,35405539.12
2013,Orange,"$5,000 - $9,999",10790,79004834.63,3591264.73
2013,Orange,"$50,000 - $74,999",27816,1655745807.75,82933942.62
2013,Orange,"$75,000 - $99,999",14799,1263775399.24,59338755.85
2013,Orange,"Under $5,000",10808,28189100.81,1048163.46
2013,Queens,"$10,000 - $19,999",102529,1518032365.36,63858955.32
2013,Queens,"$100,000 - $199,999",66030,9952285883.39,311127307.97
2013,Queens,"$20,000 - $29,999",95569,2505182378.77,99427133.51
2013,Queens,"$200,000 or more",34750,11420098921.52,189158124.05
2013,Queens,"$30,000 - $39,999",97582,3679011832.56,150995897.42
2013,Queens,"$40,000 - $49,999",77056,3336413182.29,160044906.22
2013,Queens,"$5,000 - $9,999",48395,347526432.79,14852766.88
2013,Queens,"$50,000 - $74,999",127302,7766301694.29,365048815.14
2013,Queens,"$75,000 - $99,999",80925,7896938114.39,321341534.1
2013,Queens,"Under $5,000",48104,125517796.78,4221689.76
2013,Residence Unknown ++,All Classes,897,18676674.2,647938.43
2013,Rockland,"$10,000 - $19,999",15226,229214772.23,13558592.35
2013,Rockland,"$100,000 - $199,999",14353,2044428737.53,84563626.01
2013,Rockland,"$20,000 - $29,999",14554,365020073.66,18665292.77
2013,Rockland,"$200,000 or more",7636,2423641685.8,55533208.78
2013,Rockland,"$30,000 - $39,999",14818,569242635.78,32424177.23
2013,Rockland,"$40,000 - $49,999",13934,589460283.69,35431553.7
2013,Rockland,"$5,000 - $9,999",6736,46365035.12,2759682.13
2013,Rockland,"$50,000 - $74,999",23047,1413218773.87,86066198.59
2013,Rockland,"$75,000 - $99,999",13715,1145631311.97,72854762.19
2013,Rockland,"Under $5,000",6144,15957198.4,663687.97
2013,Schuyler,"$10,000 - $19,999",1519,22485743.57,880461.0
2013,Schuyler,"$100,000 - $199,999",623,93331887.25,2477732.22
2013,Schuyler,"$20,000 - $29,999",1246,29993141.88,1141847.9
2013,Schuyler,"$200,000 or more",287,89812078.52,1270316.57
2013,Schuyler,"$30,000 - $39,999",1074,37288187.45,1404457.17
2013,Schuyler,"$40,000 - $49,999",930,45996291.53,1664870.64
2013,Schuyler,"$5,000 - $9,999",831,6072051.49,203424.25
2013,Schuyler,"$50,000 - $74,999",1399,93707406.77,3461838.22
2013,Schuyler,"$75,000 - $99,999",713,63503110.09,2037518.27
2013,Schuyler,"Under $5,000",845,2152010.42,64333.64
2013,Seneca,"$10,000 - $19,999",2518,34833231.94,1413194.74
2013,Seneca,"$100,000 - $199,999",1025,140776514.16,4102029.82
2013,Seneca,"$20,000 - $29,999",2163,51880565.74,2147080.9
2013,Seneca,"$200,000 or more",510,162366276.36,2550394.98
2013,Seneca,"$30,000 - $39,999",1943,68988978.64,3052354.53
2013,Seneca,"$40,000 - $49,999",1584,73527061.65,3389678.6
2013,Seneca,"$5,000 - $9,999",1350,9429825.39,365213.65
2013,Seneca,"$50,000 - $74,999",2312,147695382.93,5791978.04
2013,Seneca,"$75,000 - $99,999",1216,112842139.57,4070122.16
2013,Seneca,"Under $5,000",1452,3933199.23,123998.63
2013,Staten Island,"$10,000 - $19,999",23854,349877920.92,14390208.37
2013,Staten Island,"$100,000 - $199,999",15197,2449392851.08,70179707.06
2013,Staten Island,"$20,000 - $29,999",21867,587070109.47,24914771.27
2013,Staten Island,"$200,000 or more",8294,2500824120.59,46068422.26
2013,Staten Island,"$30,000 - $39,999",20864,730503388.93,35806764.31
2013,Staten Island,"$40,000 - $49,999",20032,942757720.55,49972936.75
2013,Staten Island,"$5,000 - $9,999",10994,71981983.65,3594902.47
2013,Staten Island,"$50,000 - $74,999",31029,1786473584.41,92720947.5
2013,Staten Island,"$75,000 - $99,999",18112,1462809264.6,63577618.34
2013,Staten Island,"Under $5,000",11387,29535665.4,1083642.89
2013,Suffolk,"$10,000 - $19,999",86960,1303663818.78,67594308.41
2013,Suffolk,"$100,000 - $199,999",69003,10649526074.34,382940228.83
2013,Suffolk,"$20,000 - $29,999",84405,2161351700.44,104673835.59
2013,Suffolk,"$200,000 or more",36358,10887399356.53,227509107.73
2013,Suffolk,"$30,000 - $39,999",77203,2903697291.49,147693263.27
2013,Suffolk,"$40,000 - $49,999",75064,3503925252.91,182186767.73
2013,Suffolk,"$5,000 - $9,999",38667,285976599.05,14491192.58
2013,Suffolk,"$50,000 - $74,999",129665,8503464819.94,480279785.26
2013,Suffolk,"$75,000 - $99,999",82304,7741600344.26,356145029.52
2013,Suffolk,"Under $5,000",37884,91992027.09,3817192.94
2013,Tioga,"$10,000 - $19,999",3766,56782971.86,2156770.21
2013,Tioga,"$100,000 - $199,999",1626,256151737.54,6545734.79
2013,Tioga,"$20,000 - $29,999",3687,89633471.89,3242637.7
2013,Tioga,"$200,000 or more",683,199238874.78,3172366.94
2013,Tioga,"$30,000 - $39,999",2847,94099475.36,4020152.19
2013,Tioga,"$40,000 - $49,999",2258,92532217.5,4094261.57
2013,Tioga,"$5,000 - $9,999",1786,14428263.63,543467.24
2013,Tioga,"$50,000 - $74,999",3559,208947313.48,9657475.59
2013,Tioga,"$75,000 - $99,999",1975,173782610.61,6108878.92
2013,Tioga,"Under $5,000",2066,5025790.22,163287.72
2013,Tompkins,"$10,000 - $19,999",6281,95935443.07,3640921.98
2013,Tompkins,"$100,000 - $199,999",3248,515122295.07,13251217.66
2013,Tompkins,"$20,000 - $29,999",5566,148648665.32,4973984.21
2013,Tompkins,"$200,000 or more",1724,527209763.5,8975106.59
2013,Tompkins,"$30,000 - $39,999",5201,178941630.98,7972626.25
2013,Tompkins,"$40,000 - $49,999",4377,182944560.19,8628239.76
2013,Tompkins,"$5,000 - $9,999",3146,23985942.4,906006.8
2013,Tompkins,"$50,000 - $74,999",7253,478158780.42,18937013.29
2013,Tompkins,"$75,000 - $99,999",4184,360082118.19,13524932.45
2013,Tompkins,"Under $5,000",3303,8179734.24,253235.32
2013,Westchester,"$10,000 - $19,999",39990,576958828.62,37700560.08
2013,Westchester,"$100,000 - $199,999",63425,9506393597.1,426351239.71
2013,Westchester,"$20,000 - $29,999",41933,1128856468.75,62991935.98
2013,Westchester,"$200,000 or more",32086,9449731505.91,255436991.55
2013,Westchester,"$30,000 - $39,999",48635,1747506336.0,120447624.71
2013,Westchester,"$40,000 - $49,999",42307,1935479137.02,146060717.06
2013,Westchester,"$5,000 - $9,999",18352,148161485.65,8435710.78
2013,Westchester,"$50,000 - $74,999",90568,5574311499.7,436195938.6
2013,Westchester,"$75,000 - $99,999",56363,5097397293.65,332056832.9
2013,Westchester,"Under $5,000",15982,37312532.01,2219909.29
2013,Yates,"$10,000 - $19,999",1933,28244554.86,1027926.74
2013,Yates,"$100,000 - $199,999",797,122074670.12,2986757.69
2013,Yates,"$20,000 - $29,999",1639,41363379.33,1410942.65
2013,Yates,"$200,000 or more",350,111968942.19,1694085.29
2013,Yates,"$30,000 - $39,999",1496,52101214.46,2043247.17
2013,Yates,"$40,000 - $49,999",1179,53210358.31,2189678.67
2013,Yates,"$5,000 - $9,999",1039,8319757.0,274170.21
2013,Yates,"$50,000 - $74,999",1695,101350960.52,4564424.27
2013,Yates,"$75,000 - $99,999",892,80330167.1,2897901.77
2013,Yates,"Under $5,000",1129,2866283.69,83824.95
